image_id,breed
7ede553357.jpg,thamnophis-sirtalis
3500b219e4.jpg,heterodon-platirhinos
d43a78d6d9.jpg,crotalus-atrox
1f36f26994.jpg,pituophis-catenifer
8cb85fc58e.jpg,thamnophis-radix
7176bcfe9a.jpg,diadophis-punctatus
27f2d0f582.jpg,rhinocheilus-lecontei
43eebba928.jpg,crotalus-horridus
180a56f143.jpg,crotalus-atrox
07fd20e8bd.jpg,thamnophis-radix
d6145eb8ef.jpg,pituophis-catenifer
43cf88006f.jpg,thamnophis-sirtalis
545094975f.jpg,diadophis-punctatus
de232d35ce.jpg,crotalus-atrox
f49f11daf4.jpg,crotalus-horridus
be70c24805.jpg,thamnophis-sirtalis
8a68c61789.jpg,pituophis-catenifer
e4a0afbde5.jpg,pituophis-catenifer
5d046e4a57.jpg,crotalus-horridus
9450d432f1.jpg,storeria-dekayi
24ae6b28c9.jpg,crotalus-atrox
bbbcf461fd.jpg,pituophis-catenifer
25f864a129.jpg,thamnophis-sirtalis
9d63e29dab.jpg,pituophis-catenifer
560a7820ef.jpg,diadophis-punctatus
261a672081.jpg,thamnophis-sirtalis
e08cecfcc8.jpg,storeria-dekayi
dcbaefa9de.jpg,pantherophis-obsoletus
4757eec719.jpg,storeria-dekayi
7a5772b7df.jpg,pituophis-catenifer
756a3734d1.jpg,crotalus-horridus
bcb51ed4fd.jpg,pantherophis-alleghaniensis
b28a9dbd17.jpg,pantherophis-spiloides
84496bd65b.jpg,masticophis-flagellum
97254f0a1e.jpg,thamnophis-sirtalis
738e860bf3.jpg,nerodia-sipedon
5b04af2d08.jpg,pituophis-catenifer
df1007a11e.jpg,lampropeltis-californiae
71e4a3726c.jpg,thamnophis-sirtalis
9ec71badf5.jpg,pituophis-catenifer
9aaf30ca4e.jpg,crotalus-scutulatus
502dbd30e8.jpg,pantherophis-alleghaniensis
6a0948343e.jpg,pantherophis-obsoletus
a9c94931b4.jpg,nerodia-sipedon
94f8b871bc.jpg,lampropeltis-californiae
65be04e1a7.jpg,thamnophis-sirtalis
553b5be83f.jpg,thamnophis-sirtalis
f156e4b9ad.jpg,thamnophis-sirtalis
c195a35480.jpg,diadophis-punctatus
ba36d77d65.jpg,diadophis-punctatus
ac60cb4c64.jpg,nerodia-rhombifer
e99babb9da.jpg,crotalus-horridus
3f79415b22.jpg,storeria-dekayi
07a7f4b8a2.jpg,nerodia-sipedon
8713b35996.jpg,pantherophis-obsoletus
8161aa3270.jpg,lampropeltis-triangulum
c084141ebb.jpg,nerodia-erythrogaster
3f264dfa93.jpg,storeria-dekayi
ac29145967.jpg,diadophis-punctatus
14cc5c0b07.jpg,crotalus-atrox
0d53f3592b.jpg,crotalus-atrox
339702c73e.jpg,pantherophis-alleghaniensis
d9282cfc2f.jpg,pituophis-catenifer
7cbb3598a5.jpg,crotalus-atrox
7d23dd1a25.jpg,rhinocheilus-lecontei
302ae16a4f.jpg,pituophis-catenifer
665ce5599e.jpg,haldea-striatula
7fe9ccee38.jpg,crotalus-atrox
b4ee296fbe.jpg,thamnophis-sirtalis
463302e361.jpg,pantherophis-obsoletus
a18b060715.jpg,pituophis-catenifer
72b767e027.jpg,crotalus-atrox
28c9bd4b10.jpg,crotalus-viridis
a8cf67b3cd.jpg,pituophis-catenifer
dc0bd440c3.jpg,rhinocheilus-lecontei
1b558cc89f.jpg,nerodia-sipedon
23a5181788.jpg,pantherophis-obsoletus
17e5f4b5bf.jpg,pantherophis-obsoletus
45708c6f17.jpg,thamnophis-sirtalis
90e93122c1.jpg,thamnophis-sirtalis
9aac958618.jpg,thamnophis-sirtalis
23f9ca3329.jpg,crotalus-atrox
3702f63d72.jpg,rhinocheilus-lecontei
142b516abc.jpg,storeria-dekayi
db55095044.jpg,storeria-dekayi
2532449658.jpg,crotalus-horridus
521ce40402.jpg,pituophis-catenifer
5bdb8079ed.jpg,crotalus-scutulatus
2b88eaac56.jpg,nerodia-sipedon
f11e311c90.jpg,nerodia-rhombifer
75b79378c3.jpg,pantherophis-obsoletus
8f457bca60.jpg,pituophis-catenifer
4aae3ed36b.jpg,pantherophis-obsoletus
7e85692fa2.jpg,nerodia-sipedon
8557e64d0e.jpg,crotalus-atrox
f590310834.jpg,pituophis-catenifer
6ce6de9def.jpg,crotalus-horridus
5e13f84aae.jpg,crotalus-atrox
3f595dc653.jpg,storeria-dekayi
28fc7c65cc.jpg,storeria-dekayi
2e6627723a.jpg,pantherophis-guttatus
759223778f.jpg,nerodia-erythrogaster
68e08979eb.jpg,storeria-dekayi
b51b666b0a.jpg,pantherophis-alleghaniensis
1134c2556d.jpg,pituophis-catenifer
e10bcc9899.jpg,storeria-dekayi
4d84d06252.jpg,thamnophis-sirtalis
71792ec7f9.jpg,pantherophis-obsoletus
87fff43cf4.jpg,thamnophis-sirtalis
d0d91b6a16.jpg,pantherophis-obsoletus
b1606f2410.jpg,thamnophis-proximus
f9a3564f88.jpg,diadophis-punctatus
8bdccf2baf.jpg,thamnophis-sirtalis
abbfa54027.jpg,thamnophis-sirtalis
ca469b7a27.jpg,storeria-dekayi
95a51a0fcd.jpg,pantherophis-obsoletus
8ef78ef2d3.jpg,storeria-dekayi
e21af6d4b9.jpg,nerodia-sipedon
221b1ee2f1.jpg,thamnophis-sirtalis
b2c3d5d9fb.jpg,pantherophis-obsoletus
526c9eac74.jpg,pantherophis-obsoletus
a38e41fd76.jpg,pantherophis-obsoletus
b2ba21f052.jpg,nerodia-sipedon
3b9b67ba03.jpg,diadophis-punctatus
327b772827.jpg,pantherophis-obsoletus
2afdb4999f.jpg,agkistrodon-contortrix
0cbf1992d0.jpg,diadophis-punctatus
c822ae5d01.jpg,pantherophis-obsoletus
5405370c87.jpg,pantherophis-obsoletus
092388daba.jpg,thamnophis-sirtalis
99a3b654d0.jpg,thamnophis-sirtalis
e0f8e741d4.jpg,nerodia-sipedon
5d9cf27241.jpg,crotalus-scutulatus
632bed91e6.jpg,storeria-dekayi
83d7c726d0.jpg,storeria-dekayi
2555c7e7ce.jpg,thamnophis-sirtalis
2b9180fb4f.jpg,storeria-dekayi
e211c36384.jpg,crotalus-horridus
06b96eed56.jpg,storeria-dekayi
d8fe032fe4.jpg,nerodia-sipedon
366c0f8d42.jpg,crotalus-horridus
be80579760.jpg,crotalus-atrox
a4ff6226a3.jpg,thamnophis-sirtalis
53da6f2a06.jpg,crotalus-atrox
509628b6d3.jpg,crotalus-atrox
75206b0c2d.jpg,diadophis-punctatus
c3e988cbe7.jpg,crotalus-atrox
bf3224d5bb.jpg,storeria-dekayi
2d45d24990.jpg,thamnophis-sirtalis
217a85c6a0.jpg,nerodia-sipedon
f910b4dafd.jpg,agkistrodon-contortrix
dbc89aa6fc.jpg,pituophis-catenifer
e0c882d7b5.jpg,rhinocheilus-lecontei
bbd20396ee.jpg,nerodia-sipedon
a9bd8d4550.jpg,storeria-dekayi
f9315c3d9d.jpg,lampropeltis-californiae
c53c61ff1d.jpg,crotalus-atrox
ae76c25b30.jpg,crotalus-atrox
0554b687c1.jpg,crotalus-atrox
8227ee21d5.jpg,storeria-dekayi
e63f970c24.jpg,nerodia-sipedon
5a7a965d51.jpg,diadophis-punctatus
6f885777ae.jpg,storeria-dekayi
c63d4c04d9.jpg,thamnophis-sirtalis
d678d67897.jpg,storeria-dekayi
03d156d9ee.jpg,crotalus-atrox
39d5cf451b.jpg,pituophis-catenifer
c8583aa3f1.jpg,thamnophis-sirtalis
72fd0c7625.jpg,nerodia-erythrogaster
89428de91a.jpg,nerodia-sipedon
e3ad957f8f.jpg,thamnophis-proximus
4b49ad90af.jpg,crotalus-horridus
e4ff7155e8.jpg,thamnophis-sirtalis
eaa331f24e.jpg,thamnophis-radix
28edbbefda.jpg,storeria-dekayi
aa1015e3c8.jpg,lampropeltis-triangulum
644033bba9.jpg,diadophis-punctatus
c612cc9390.jpg,opheodrys-aestivus
6870b31b63.jpg,pituophis-catenifer
b22d6d545d.jpg,agkistrodon-contortrix
bf1adbeecc.jpg,pantherophis-obsoletus
16e1861f42.jpg,pantherophis-obsoletus
8e7302d0c7.jpg,thamnophis-sirtalis
473b09a338.jpg,crotalus-viridis
80da1ca7fe.jpg,agkistrodon-piscivorus
c3e38fc290.jpg,diadophis-punctatus
901a78b5f6.jpg,pituophis-catenifer
250946e33d.jpg,crotalus-atrox
71bb3b775f.jpg,storeria-dekayi
58e653c556.jpg,pantherophis-obsoletus
ff0d70fb78.jpg,lampropeltis-triangulum
bbbaf02d7b.jpg,nerodia-sipedon
a8729cbe08.jpg,nerodia-sipedon
e754670fa9.jpg,nerodia-sipedon
d51800edfc.jpg,nerodia-erythrogaster
54705e5068.jpg,nerodia-sipedon
2d26350d5f.jpg,storeria-dekayi
65ea1d3d84.jpg,lampropeltis-californiae
fc2019398b.jpg,thamnophis-sirtalis
76bc77c3be.jpg,diadophis-punctatus
ae5258ea04.jpg,thamnophis-sirtalis
8d8734a395.jpg,thamnophis-sirtalis
a6ac17e3d8.jpg,thamnophis-sirtalis
2ca8252168.jpg,nerodia-erythrogaster
d81bbe11bb.jpg,lampropeltis-californiae
fb1ea63ee1.jpg,storeria-dekayi
d7b6ef28af.jpg,diadophis-punctatus
fe015ee591.jpg,pituophis-catenifer
e4f9ad2007.jpg,nerodia-erythrogaster
26758bec6d.jpg,agkistrodon-contortrix
23dd09c2b6.jpg,thamnophis-sirtalis
7c34e2cdec.jpg,pantherophis-obsoletus
6ec294cf12.jpg,storeria-dekayi
36d521dbd5.jpg,storeria-occipitomaculata
9a6e35d716.jpg,storeria-dekayi
8bbc299a40.jpg,pantherophis-obsoletus
fd5e259ea8.jpg,crotalus-atrox
db292dcc3b.jpg,storeria-dekayi
f481c83182.jpg,pituophis-catenifer
4245d68d46.jpg,diadophis-punctatus
59e640bb91.jpg,opheodrys-aestivus
36c233f563.jpg,nerodia-rhombifer
bc3799b2df.jpg,nerodia-erythrogaster
9e937f940b.jpg,pantherophis-obsoletus
9a7b588cb9.jpg,thamnophis-sirtalis
7ff5570d2f.jpg,pituophis-catenifer
087903f361.jpg,pantherophis-alleghaniensis
6e66f9667f.jpg,pantherophis-obsoletus
60dd49f8d4.jpg,pituophis-catenifer
7064757509.jpg,crotalus-horridus
baa3f02141.jpg,crotalus-atrox
7dce396ff5.jpg,thamnophis-marcianus
30a99aee44.jpg,pantherophis-obsoletus
665b29ab42.jpg,pantherophis-vulpinus
a443ddb908.jpg,storeria-dekayi
ac95eb1818.jpg,thamnophis-sirtalis
05a6798995.jpg,crotalus-atrox
0241586560.jpg,masticophis-flagellum
ff45fac73c.jpg,thamnophis-sirtalis
013c73ee17.jpg,diadophis-punctatus
b93e2f9f5b.jpg,thamnophis-sirtalis
2b1413378c.jpg,nerodia-sipedon
9cb08cd05a.jpg,crotalus-horridus
13aa42a7e4.jpg,thamnophis-sirtalis
641e266e15.jpg,nerodia-sipedon
7b5344ccfd.jpg,pantherophis-obsoletus
13cfe36156.jpg,nerodia-sipedon
e3638b66ab.jpg,nerodia-sipedon
0f5042aa5a.jpg,pituophis-catenifer
79783161b7.jpg,diadophis-punctatus
195c38795c.jpg,pantherophis-emoryi
0290d68533.jpg,thamnophis-sirtalis
2a2b711e1e.jpg,rhinocheilus-lecontei
51622421a7.jpg,pituophis-catenifer
9f4c9e5d29.jpg,thamnophis-sirtalis
55cf94ef25.jpg,nerodia-sipedon
8e3a442218.jpg,pituophis-catenifer
a5bd623c6a.jpg,diadophis-punctatus
192dd2d4b7.jpg,pantherophis-obsoletus
5b3791c4e4.jpg,diadophis-punctatus
4f3bb6e01a.jpg,pantherophis-obsoletus
9316eb7237.jpg,storeria-dekayi
aa16a509cf.jpg,crotalus-atrox
ad68959f68.jpg,thamnophis-sirtalis
072f7c5df5.jpg,pituophis-catenifer
e6fe591e18.jpg,nerodia-erythrogaster
eed4cc6dda.jpg,agkistrodon-contortrix
6335735a8a.jpg,pantherophis-obsoletus
40fb202092.jpg,storeria-dekayi
8d34d1a83e.jpg,pantherophis-vulpinus
5d58cc2fb1.jpg,pantherophis-obsoletus
e073226ee2.jpg,nerodia-sipedon
630628b60b.jpg,pantherophis-obsoletus
c074d2a3c3.jpg,pituophis-catenifer
2c03979041.jpg,crotalus-horridus
237efd22ef.jpg,crotalus-atrox
5a23092d94.jpg,pituophis-catenifer
cebc8a3140.jpg,thamnophis-sirtalis
ddbb02224a.jpg,nerodia-erythrogaster
785ba4871f.jpg,agkistrodon-contortrix
d19b66d326.jpg,crotalus-scutulatus
f9b0800cb8.jpg,crotalus-horridus
2f065830d7.jpg,lampropeltis-californiae
b9893aa41a.jpg,crotalus-atrox
2c442a09ed.jpg,nerodia-sipedon
ea100d15e2.jpg,thamnophis-sirtalis
9363d2c4be.jpg,lampropeltis-triangulum
dd0dc5ba1a.jpg,pituophis-catenifer
86b438d651.jpg,crotalus-atrox
a7596b0dda.jpg,heterodon-platirhinos
c0a9301d14.jpg,nerodia-sipedon
59d4a652fa.jpg,nerodia-sipedon
9266faaacf.jpg,nerodia-sipedon
5c6713d750.jpg,diadophis-punctatus
4a7b39ccff.jpg,diadophis-punctatus
c91233cf4f.jpg,storeria-dekayi
316d089f08.jpg,storeria-dekayi
63bb9ed8c2.jpg,nerodia-rhombifer
8ec81d1cab.jpg,pantherophis-obsoletus
0bef464da6.jpg,thamnophis-radix
e3497219ae.jpg,pituophis-catenifer
259af44b24.jpg,crotalus-atrox
c52f2693cf.jpg,crotalus-horridus
18f5184f2e.jpg,nerodia-sipedon
728f07bb97.jpg,crotalus-atrox
fba22fecef.jpg,thamnophis-sirtalis
fdbcf4aa99.jpg,pantherophis-spiloides
f8d202075f.jpg,thamnophis-sirtalis
369a02e471.jpg,diadophis-punctatus
3e2cadfaa9.jpg,storeria-dekayi
0a59465b78.jpg,storeria-dekayi
5717af5063.jpg,storeria-dekayi
5a5ed0a9f9.jpg,storeria-dekayi
503bd5a793.jpg,storeria-dekayi
861b144528.jpg,pituophis-catenifer
2c1c60baac.jpg,heterodon-platirhinos
f583cab812.jpg,nerodia-erythrogaster
98e28ee840.jpg,crotalus-atrox
e981adefe8.jpg,crotalus-atrox
847dcb005c.jpg,pantherophis-guttatus
2bdd1204df.jpg,pantherophis-obsoletus
436a5443a6.jpg,thamnophis-sirtalis
b474fba6f6.jpg,heterodon-platirhinos
4a52d81d06.jpg,lampropeltis-californiae
e04df53f33.jpg,pantherophis-obsoletus
6e0bc47bff.jpg,pituophis-catenifer
00a9bba384.jpg,storeria-dekayi
c34e07aea2.jpg,thamnophis-sirtalis
ddb3fdca4e.jpg,crotalus-scutulatus
772912b335.jpg,crotalus-atrox
d2d8c969f4.jpg,pituophis-catenifer
05c0503e80.jpg,pantherophis-obsoletus
0a2842082d.jpg,thamnophis-marcianus
f63ccbe5e4.jpg,storeria-dekayi
7c71df0f36.jpg,nerodia-sipedon
b812b08083.jpg,nerodia-sipedon
aa46c84394.jpg,lampropeltis-californiae
172ea701fa.jpg,thamnophis-sirtalis
4da6e0c4b1.jpg,storeria-dekayi
2680cb138a.jpg,lampropeltis-triangulum
042411e752.jpg,diadophis-punctatus
3a90a92e92.jpg,agkistrodon-contortrix
194d8bc5a0.jpg,thamnophis-radix
1ac35b5307.jpg,crotalus-horridus
bd26891431.jpg,thamnophis-sirtalis
9bcdad786e.jpg,nerodia-sipedon
3fbfac0bbb.jpg,nerodia-erythrogaster
d9f6166852.jpg,crotalus-atrox
c27414795d.jpg,lampropeltis-triangulum
031d5fd2dd.jpg,lampropeltis-californiae
b359100fa4.jpg,crotalus-atrox
999b3783d7.jpg,crotalus-atrox
959cdb0f88.jpg,pantherophis-alleghaniensis
8fa0dcc6df.jpg,crotalus-viridis
8ea058e917.jpg,diadophis-punctatus
ae46441c69.jpg,pituophis-catenifer
b08c38c7f7.jpg,pantherophis-spiloides
328d66a6d0.jpg,crotalus-atrox
5ac5adfab9.jpg,haldea-striatula
593c3b2407.jpg,pantherophis-obsoletus
5d701c6be6.jpg,pituophis-catenifer
b6bcd1799a.jpg,crotalus-atrox
b3494fd089.jpg,diadophis-punctatus
0448002637.jpg,opheodrys-aestivus
fff8bffdb0.jpg,pituophis-catenifer
0cbc0f68b6.jpg,thamnophis-sirtalis
0debda08e0.jpg,thamnophis-sirtalis
d0283c614b.jpg,storeria-dekayi
2dbe75a840.jpg,nerodia-erythrogaster
6d998bc9af.jpg,heterodon-platirhinos
3ff941e398.jpg,diadophis-punctatus
a9410566e4.jpg,pantherophis-obsoletus
358af00cdd.jpg,pantherophis-obsoletus
e4ab7ba2ab.jpg,pantherophis-obsoletus
b07f81508c.jpg,pantherophis-obsoletus
3b1799fe42.jpg,pantherophis-vulpinus
3d6339ea74.jpg,thamnophis-sirtalis
2163674737.jpg,crotalus-atrox
d99ab56103.jpg,nerodia-sipedon
54ba70e3cc.jpg,nerodia-sipedon
545ed78e38.jpg,pantherophis-obsoletus
e7d07009df.jpg,storeria-dekayi
f6ec7eba7b.jpg,storeria-dekayi
64c3ac5ad0.jpg,nerodia-sipedon
b72ce0175f.jpg,lampropeltis-triangulum
b894d764f5.jpg,pantherophis-obsoletus
cf5d7c4e17.jpg,heterodon-platirhinos
58663371a3.jpg,opheodrys-aestivus
81bf550daa.jpg,storeria-dekayi
37f5ad479e.jpg,thamnophis-radix
3c8edae2a4.jpg,nerodia-sipedon
4cb468d415.jpg,pituophis-catenifer
92e04ca324.jpg,storeria-dekayi
11373da95a.jpg,pituophis-catenifer
6a3bcbcf4a.jpg,crotalus-atrox
a5f24a2ecc.jpg,pantherophis-obsoletus
1edabbc312.jpg,storeria-dekayi
96aee5ec60.jpg,thamnophis-proximus
4598203b0a.jpg,crotalus-atrox
6bd8b7a823.jpg,storeria-dekayi
54f91fbb3a.jpg,pantherophis-obsoletus
b9d8bbfa03.jpg,lampropeltis-californiae
72f1ff130d.jpg,pituophis-catenifer
2eccd64667.jpg,pantherophis-alleghaniensis
2546d11351.jpg,agkistrodon-contortrix
b09f1d031b.jpg,thamnophis-sirtalis
bd5a29330a.jpg,crotalus-atrox
4451e8bf97.jpg,pituophis-catenifer
86a4573103.jpg,pantherophis-obsoletus
da7212161e.jpg,nerodia-sipedon
aa1da0bc83.jpg,diadophis-punctatus
6e802f864c.jpg,nerodia-sipedon
8eaa4e8d18.jpg,pantherophis-vulpinus
ffa547380d.jpg,storeria-dekayi
776bf9c3e7.jpg,storeria-dekayi
f6058731c7.jpg,crotalus-atrox
3137a9d8f4.jpg,thamnophis-sirtalis
c5eda48da7.jpg,pituophis-catenifer
23e13b5ba3.jpg,pituophis-catenifer
c264755582.jpg,diadophis-punctatus
958f27ae53.jpg,diadophis-punctatus
f1ce7a658c.jpg,thamnophis-sirtalis
897932c055.jpg,thamnophis-sirtalis
a17470a422.jpg,lampropeltis-californiae
f756da9b22.jpg,thamnophis-sirtalis
83f99d01b7.jpg,pituophis-catenifer
1c097f3bb5.jpg,storeria-dekayi
638716b738.jpg,nerodia-sipedon
74772031c5.jpg,crotalus-atrox
94f3aa78e0.jpg,diadophis-punctatus
c0f734db4f.jpg,pantherophis-obsoletus
4f9c43f59c.jpg,crotalus-horridus
1b32d18277.jpg,pantherophis-emoryi
2145486df9.jpg,pantherophis-alleghaniensis
9e779ef62b.jpg,pituophis-catenifer
caa85de8a4.jpg,thamnophis-sirtalis
dab850c45f.jpg,storeria-dekayi
326a993691.jpg,nerodia-erythrogaster
1a313e58c0.jpg,nerodia-sipedon
eacde65a87.jpg,crotalus-atrox
16ef599310.jpg,crotalus-atrox
a1a1d8f4d3.jpg,thamnophis-sirtalis
b66574f0cb.jpg,rhinocheilus-lecontei
dadd875c98.jpg,crotalus-scutulatus
35f3e07f8a.jpg,nerodia-sipedon
35b25084a8.jpg,thamnophis-sirtalis
5be6313607.jpg,diadophis-punctatus
5e4b3549cb.jpg,crotalus-horridus
14af77c260.jpg,nerodia-sipedon
a3ffe15ad1.jpg,storeria-dekayi
fcf5b7e439.jpg,storeria-dekayi
510f5e1945.jpg,crotalus-viridis
99d309ee88.jpg,crotalus-atrox
c5ba6d87e2.jpg,crotalus-atrox
0a00cdd2b8.jpg,diadophis-punctatus
9e10b0843c.jpg,crotalus-ruber
9818345fa3.jpg,crotalus-atrox
424b8caccf.jpg,crotalus-horridus
291cd9c481.jpg,storeria-dekayi
0c02a2f5d7.jpg,nerodia-erythrogaster
3393c3a6eb.jpg,lampropeltis-californiae
18e8e49c6a.jpg,thamnophis-radix
45245a5e5a.jpg,pantherophis-obsoletus
13696d31fb.jpg,storeria-dekayi
41e720d7de.jpg,nerodia-sipedon
40303088fa.jpg,nerodia-sipedon
67d1d73480.jpg,storeria-dekayi
4e3e773484.jpg,nerodia-sipedon
7517bb0623.jpg,pantherophis-obsoletus
559133de50.jpg,thamnophis-sirtalis
9ae22849c1.jpg,nerodia-sipedon
c5ff38ff68.jpg,pituophis-catenifer
71e572d33f.jpg,diadophis-punctatus
332e5c6785.jpg,crotalus-horridus
6003bbcbf9.jpg,pantherophis-obsoletus
5c17e68b40.jpg,pantherophis-alleghaniensis
bad9a60677.jpg,nerodia-sipedon
209b809200.jpg,agkistrodon-contortrix
f2b9362dd4.jpg,nerodia-sipedon
8de60975b5.jpg,pituophis-catenifer
8add8bfac9.jpg,crotalus-atrox
0d5c403d38.jpg,crotalus-atrox
d483f5a5ce.jpg,pantherophis-obsoletus
7836689238.jpg,crotalus-atrox
724a385d2e.jpg,nerodia-rhombifer
64e02bed8b.jpg,rhinocheilus-lecontei
3133cffd8c.jpg,crotalus-horridus
ebd7ad9677.jpg,crotalus-atrox
fe50e904ff.jpg,crotalus-atrox
7f4df9bad8.jpg,pantherophis-obsoletus
b083b3bdfc.jpg,pituophis-catenifer
5ac813acff.jpg,thamnophis-radix
35084d1574.jpg,crotalus-atrox
9bbb1238dd.jpg,thamnophis-radix
54da60ecca.jpg,thamnophis-sirtalis
8139d8a08f.jpg,pantherophis-obsoletus
cf4b998e06.jpg,pantherophis-alleghaniensis
50ff72a201.jpg,rhinocheilus-lecontei
a0969f71a4.jpg,crotalus-atrox
64b71700c0.jpg,crotalus-horridus
420c648f8f.jpg,lampropeltis-triangulum
b48998dacd.jpg,thamnophis-sirtalis
d6ce6db8ac.jpg,crotalus-atrox
f359a3a1cb.jpg,heterodon-platirhinos
3e27aded25.jpg,diadophis-punctatus
9baf0c175d.jpg,pituophis-catenifer
60cd847169.jpg,crotalus-atrox
8cc2b43e73.jpg,lampropeltis-californiae
e635e0301a.jpg,crotalus-horridus
53ad81ecbf.jpg,crotalus-viridis
bd77bff983.jpg,nerodia-sipedon
e4b948cde5.jpg,crotalus-atrox
7a85d0a38f.jpg,thamnophis-sirtalis
6e104122dd.jpg,lampropeltis-triangulum
0bd440f886.jpg,thamnophis-sirtalis
cfe48a6766.jpg,crotalus-horridus
dea4ad3c5c.jpg,lampropeltis-californiae
a70db3f4e2.jpg,storeria-dekayi
73801d11da.jpg,pantherophis-obsoletus
91b9c66b6c.jpg,nerodia-sipedon
7fa218f587.jpg,pantherophis-alleghaniensis
89aac8751e.jpg,thamnophis-marcianus
ccd99e20ab.jpg,diadophis-punctatus
3d4e749f5c.jpg,pantherophis-obsoletus
d981710b5c.jpg,crotalus-atrox
52eec0f3fb.jpg,pantherophis-obsoletus
7b01622a45.jpg,storeria-dekayi
d8f3e2543c.jpg,pituophis-catenifer
3da58beca1.jpg,storeria-dekayi
27cc745b4e.jpg,thamnophis-sirtalis
19e640cfea.jpg,storeria-dekayi
e97ad14aa0.jpg,diadophis-punctatus
fee6ac0981.jpg,crotalus-atrox
7688910bf6.jpg,thamnophis-proximus
e207f9f8e1.jpg,pantherophis-guttatus
38cfa09840.jpg,storeria-dekayi
e8c28b1fa8.jpg,diadophis-punctatus
14b9eb3c99.jpg,nerodia-erythrogaster
90b9422778.jpg,pituophis-catenifer
55c6c72734.jpg,thamnophis-radix
1b74b10f63.jpg,pantherophis-obsoletus
dbe94ca39f.jpg,diadophis-punctatus
2467f2a466.jpg,pituophis-catenifer
87c3cc64a9.jpg,rhinocheilus-lecontei
f4f5dd040b.jpg,diadophis-punctatus
f32d83944c.jpg,crotalus-horridus
de0c5e9a87.jpg,nerodia-sipedon
aff4a2c922.jpg,thamnophis-sirtalis
f96291b278.jpg,storeria-dekayi
c64eb91ae4.jpg,pituophis-catenifer
2ae2c1199a.jpg,lampropeltis-californiae
c032ab6ee3.jpg,pantherophis-obsoletus
33e62ea503.jpg,storeria-dekayi
4d5e7f22ae.jpg,thamnophis-sirtalis
daa2966222.jpg,heterodon-platirhinos
a5234ec3be.jpg,coluber-constrictor
80eead3616.jpg,thamnophis-sirtalis
ade437840f.jpg,storeria-dekayi
2db8ff4d4f.jpg,pantherophis-obsoletus
b3b1353fab.jpg,pantherophis-obsoletus
c449df8761.jpg,opheodrys-aestivus
59979fbad2.jpg,thamnophis-sirtalis
f4698088c6.jpg,crotalus-horridus
532b83a570.jpg,nerodia-sipedon
0e287bd3a4.jpg,thamnophis-sirtalis
62a0846a7f.jpg,agkistrodon-piscivorus
3fc4c2a5e1.jpg,storeria-dekayi
4d2299d5dc.jpg,diadophis-punctatus
416b4750da.jpg,thamnophis-sirtalis
dfee6504e3.jpg,storeria-dekayi
bba431d5d4.jpg,nerodia-sipedon
d50e9b77ce.jpg,diadophis-punctatus
423c84462d.jpg,thamnophis-sirtalis
d8854a4d6f.jpg,crotalus-atrox
06bfe160bc.jpg,diadophis-punctatus
b53265ae30.jpg,pantherophis-obsoletus
4f7b14d1e9.jpg,storeria-dekayi
b0e5cdcf65.jpg,crotalus-atrox
3d90e98161.jpg,crotalus-atrox
385387e75a.jpg,diadophis-punctatus
a016fbf111.jpg,thamnophis-sirtalis
79d92b5155.jpg,thamnophis-sirtalis
e8556cf2b3.jpg,thamnophis-sirtalis
b68aec61a9.jpg,crotalus-scutulatus
6245275771.jpg,nerodia-sipedon
9af6f4bbb1.jpg,storeria-dekayi
e2839b926b.jpg,nerodia-sipedon
8d2f2c54a1.jpg,thamnophis-marcianus
1e8f52cf8e.jpg,pantherophis-obsoletus
c2bfddaefb.jpg,nerodia-sipedon
fcac77e8e3.jpg,pantherophis-obsoletus
a6eefff8e9.jpg,pantherophis-obsoletus
48be242050.jpg,thamnophis-sirtalis
e849f57aaa.jpg,thamnophis-sirtalis
75053513e4.jpg,pantherophis-obsoletus
0b6092dd9f.jpg,crotalus-atrox
f10dbb60ad.jpg,crotalus-atrox
6fd275d6f8.jpg,pituophis-catenifer
7b110332b2.jpg,nerodia-fasciata
02b5ce8a0d.jpg,pantherophis-alleghaniensis
e286457476.jpg,pantherophis-obsoletus
2fd9e2eee6.jpg,thamnophis-sirtalis
b79eb2b0fb.jpg,pituophis-catenifer
f5315a5875.jpg,storeria-dekayi
db4493bb17.jpg,pituophis-catenifer
4ebadc4b4b.jpg,nerodia-sipedon
c98bc697c6.jpg,pituophis-catenifer
e3c6ba694a.jpg,nerodia-sipedon
783481beb0.jpg,rhinocheilus-lecontei
f29333e380.jpg,nerodia-sipedon
c3fb1dacc1.jpg,storeria-dekayi
5b15bac5c2.jpg,crotalus-viridis
cd0721eb2a.jpg,lampropeltis-californiae
1e2ae139b7.jpg,pituophis-catenifer
79553e62b3.jpg,crotalus-horridus
cdbedb45cd.jpg,pantherophis-obsoletus
ee52483077.jpg,thamnophis-sirtalis
1fac89750a.jpg,pantherophis-obsoletus
86a2ca0b18.jpg,pituophis-catenifer
d3a5b62b1f.jpg,storeria-dekayi
5276b71b91.jpg,storeria-dekayi
eff565b0e9.jpg,haldea-striatula
a0853d1197.jpg,storeria-dekayi
38782ebfe4.jpg,pituophis-catenifer
a16e3dec1e.jpg,pantherophis-alleghaniensis
223cc7e8a6.jpg,storeria-dekayi
fed1568a6c.jpg,lampropeltis-triangulum
f2f891850d.jpg,nerodia-sipedon
22580dc310.jpg,thamnophis-sirtalis
4b2040859d.jpg,storeria-dekayi
c40f2cf547.jpg,storeria-dekayi
8a1f773d30.jpg,pantherophis-obsoletus
26e77de0d3.jpg,nerodia-erythrogaster
3898d993ce.jpg,thamnophis-sirtalis
4c48326692.jpg,crotalus-horridus
639ea18f23.jpg,pantherophis-obsoletus
6447cbdb15.jpg,opheodrys-aestivus
2fab3b74e1.jpg,diadophis-punctatus
70d03492db.jpg,pituophis-catenifer
df50ba8c91.jpg,nerodia-sipedon
e68457fe19.jpg,diadophis-punctatus
b4ad055b21.jpg,nerodia-sipedon
f10e985810.jpg,storeria-dekayi
ee41d19ab2.jpg,nerodia-sipedon
5af19d853b.jpg,thamnophis-radix
e3e76a3d9c.jpg,diadophis-punctatus
59bcc84d9c.jpg,crotalus-atrox
49cd434b18.jpg,pituophis-catenifer
ce31772330.jpg,storeria-dekayi
08e0a784b9.jpg,opheodrys-aestivus
b38fb09f8b.jpg,nerodia-sipedon
1025e29ab7.jpg,pantherophis-obsoletus
98e71c5873.jpg,crotalus-viridis
ec7956ab61.jpg,storeria-dekayi
8221410682.jpg,pantherophis-obsoletus
51ee9e04f0.jpg,thamnophis-sirtalis
96d75bfe8f.jpg,pantherophis-obsoletus
8601628d1f.jpg,pituophis-catenifer
3dfa5ad947.jpg,storeria-dekayi
affc413c04.jpg,pituophis-catenifer
8d0378446f.jpg,pantherophis-obsoletus
d4575182a3.jpg,crotalus-scutulatus
64b48406af.jpg,crotalus-atrox
371a621202.jpg,agkistrodon-piscivorus
aef6cdef7f.jpg,lampropeltis-triangulum
5767b7291d.jpg,storeria-dekayi
bce7024134.jpg,pituophis-catenifer
1e8ba66e6d.jpg,pituophis-catenifer
1cca4dde7e.jpg,rhinocheilus-lecontei
0497ecfd64.jpg,pantherophis-obsoletus
80cd47b8be.jpg,thamnophis-radix
48470bf29b.jpg,thamnophis-sirtalis
21c06dfcf8.jpg,pantherophis-alleghaniensis
a0bce2082d.jpg,pituophis-catenifer
a14372c89f.jpg,nerodia-rhombifer
1a7e4bd4c6.jpg,crotalus-horridus
77b61563ed.jpg,diadophis-punctatus
bbbcedc4c0.jpg,pantherophis-obsoletus
baba9a2a38.jpg,thamnophis-sirtalis
6fd6c6ccf6.jpg,thamnophis-marcianus
1cef56fb1e.jpg,diadophis-punctatus
5f6f35c987.jpg,thamnophis-sirtalis
d1eb8d51ae.jpg,crotalus-atrox
4617ca078b.jpg,storeria-dekayi
77b4a4a25c.jpg,nerodia-sipedon
c2955c5d83.jpg,pituophis-catenifer
67d5a9efbe.jpg,pituophis-catenifer
0fe9a54c20.jpg,pantherophis-alleghaniensis
5b30be5fe9.jpg,nerodia-erythrogaster
6469909eb8.jpg,crotalus-atrox
b81a1b1d90.jpg,nerodia-rhombifer
e2363c1554.jpg,thamnophis-radix
0cff3cb843.jpg,pituophis-catenifer
1b340371e5.jpg,pituophis-catenifer
00e8ba3531.jpg,nerodia-sipedon
dee1e6d310.jpg,crotalus-atrox
e264f04ce9.jpg,crotalus-viridis
ddd56ba0c0.jpg,thamnophis-sirtalis
c1cbf83f28.jpg,thamnophis-radix
13275759e4.jpg,crotalus-atrox
d37b0ef11f.jpg,thamnophis-sirtalis
898d62255d.jpg,diadophis-punctatus
f9bbc7153a.jpg,thamnophis-sirtalis
f8ac5953cb.jpg,storeria-dekayi
ad9921a2aa.jpg,nerodia-sipedon
a5f85aab22.jpg,diadophis-punctatus
c6234d79bb.jpg,pituophis-catenifer
771f6f3fe6.jpg,nerodia-erythrogaster
688b29b043.jpg,crotalus-atrox
19ccba64b3.jpg,pituophis-catenifer
72115baab1.jpg,crotalus-atrox
6becc6093d.jpg,pituophis-catenifer
7855bae864.jpg,pituophis-catenifer
d50acbddb2.jpg,thamnophis-sirtalis
83899a6b49.jpg,nerodia-sipedon
11e97175b8.jpg,pantherophis-spiloides
5980c7a6f7.jpg,pituophis-catenifer
2d61b82de7.jpg,pantherophis-obsoletus
1f90c834c5.jpg,thamnophis-sirtalis
e0474c1be9.jpg,thamnophis-sirtalis
96dbc2f29b.jpg,thamnophis-sirtalis
d1b7d9ba22.jpg,pituophis-catenifer
fd2f1d3113.jpg,pantherophis-obsoletus
928460dde9.jpg,pantherophis-obsoletus
d63c0e9fdc.jpg,pantherophis-obsoletus
78ed1037b8.jpg,pantherophis-obsoletus
b3fe7d062c.jpg,nerodia-erythrogaster
9315549d3a.jpg,nerodia-sipedon
c3bd25298d.jpg,thamnophis-sirtalis
8f92043d8f.jpg,thamnophis-sirtalis
9069355571.jpg,rhinocheilus-lecontei
a1e486d349.jpg,diadophis-punctatus
bbaf558ecf.jpg,pituophis-catenifer
516de4c918.jpg,storeria-dekayi
3a8c8aa252.jpg,diadophis-punctatus
44aa210a3e.jpg,lampropeltis-californiae
64553a6913.jpg,nerodia-sipedon
e90ba4331c.jpg,pantherophis-obsoletus
11649cec48.jpg,heterodon-platirhinos
c3444151d5.jpg,lampropeltis-californiae
37ee5eb735.jpg,thamnophis-sirtalis
3f36710eb6.jpg,pantherophis-obsoletus
624b2cc236.jpg,pantherophis-obsoletus
0c9a05356b.jpg,storeria-dekayi
aa4b3d2785.jpg,thamnophis-radix
8a43339a29.jpg,crotalus-atrox
a11bf6e766.jpg,crotalus-atrox
3d1b0e14ff.jpg,storeria-occipitomaculata
a698472a57.jpg,thamnophis-sirtalis
3e733e66de.jpg,crotalus-horridus
7a374981e5.jpg,pantherophis-obsoletus
45bd4f73b1.jpg,thamnophis-sirtalis
e17bb727be.jpg,nerodia-erythrogaster
c79bcf2098.jpg,thamnophis-sirtalis
1f6403d491.jpg,diadophis-punctatus
93ad7fe563.jpg,nerodia-erythrogaster
47e8f1b843.jpg,crotalus-atrox
c5c1619dee.jpg,nerodia-sipedon
ee52b1c3e4.jpg,nerodia-sipedon
bdfce30128.jpg,nerodia-sipedon
bcfa129e05.jpg,pantherophis-obsoletus
c3007e0e16.jpg,thamnophis-sirtalis
e3e8505f6f.jpg,rhinocheilus-lecontei
60c5ab7fe1.jpg,pituophis-catenifer
af58bb743b.jpg,thamnophis-sirtalis
eab49156d7.jpg,thamnophis-sirtalis
847a278c9a.jpg,diadophis-punctatus
22b4344fa1.jpg,crotalus-horridus
0297424cbd.jpg,nerodia-erythrogaster
e9aac999b1.jpg,crotalus-atrox
45df9e533a.jpg,pituophis-catenifer
ac57aad226.jpg,rhinocheilus-lecontei
79b4ba46ed.jpg,pantherophis-obsoletus
890c0055e6.jpg,pantherophis-obsoletus
b83e0a56e3.jpg,crotalus-horridus
ca0e73a30b.jpg,pantherophis-obsoletus
5feb234354.jpg,storeria-dekayi
7f8f6794e6.jpg,thamnophis-sirtalis
a4c523e2b2.jpg,pituophis-catenifer
817e074b35.jpg,storeria-dekayi
7019567057.jpg,storeria-dekayi
6fecaaf9f8.jpg,crotalus-atrox
1bac862621.jpg,crotalus-horridus
ad72ea0194.jpg,thamnophis-sirtalis
58cd93d84d.jpg,pantherophis-obsoletus
797bf37edf.jpg,crotalus-atrox
6c1f740183.jpg,lampropeltis-californiae
22ee9b9874.jpg,crotalus-atrox
586ba03c24.jpg,diadophis-punctatus
fec707022c.jpg,rhinocheilus-lecontei
eab43ca7a3.jpg,nerodia-sipedon
311d69ffb9.jpg,nerodia-sipedon
a45609e2f1.jpg,nerodia-sipedon
2b9e221d99.jpg,pantherophis-alleghaniensis
f8b43d780b.jpg,nerodia-sipedon
b982fadd00.jpg,nerodia-sipedon
59cff921b2.jpg,pantherophis-obsoletus
3f304c3d86.jpg,natrix-natrix
d6f1eb568f.jpg,pantherophis-obsoletus
0f1924cf80.jpg,opheodrys-aestivus
f5b2a347ff.jpg,thamnophis-sirtalis
dd818fb360.jpg,crotalus-horridus
e8fe7df5ad.jpg,pantherophis-alleghaniensis
cf79767545.jpg,nerodia-rhombifer
6f4a0cf636.jpg,nerodia-erythrogaster
7cb6fcbad3.jpg,storeria-dekayi
9a07607611.jpg,pituophis-catenifer
3f63e4612d.jpg,crotalus-atrox
e5e4aeeaf7.jpg,crotalus-atrox
a3c79fb490.jpg,thamnophis-marcianus
16fbebdc1f.jpg,crotalus-horridus
274e3979b2.jpg,pantherophis-vulpinus
99e9171fcb.jpg,thamnophis-radix
0f0969f7d7.jpg,thamnophis-sirtalis
da7acc2a0f.jpg,nerodia-erythrogaster
c685ea9df1.jpg,thamnophis-sirtalis
6fa95b4e8d.jpg,diadophis-punctatus
8ce3cee642.jpg,lampropeltis-triangulum
86915f6c43.jpg,thamnophis-sirtalis
282ce15a59.jpg,thamnophis-marcianus
21b66186b7.jpg,pituophis-catenifer
7f9dafc904.jpg,heterodon-platirhinos
cfcbf6740c.jpg,haldea-striatula
7391e1f35e.jpg,pantherophis-alleghaniensis
ac42c482a2.jpg,thamnophis-sirtalis
d400216179.jpg,opheodrys-aestivus
18a1ebef0e.jpg,rhinocheilus-lecontei
32fee7fe2c.jpg,pantherophis-obsoletus
bac648289c.jpg,nerodia-sipedon
6a6723f2d9.jpg,pantherophis-obsoletus
e81112e8d1.jpg,pantherophis-obsoletus
481f91feb4.jpg,diadophis-punctatus
d5636c22bd.jpg,thamnophis-sirtalis
25bc9f384d.jpg,heterodon-platirhinos
eaa7edf8dc.jpg,nerodia-sipedon
fdb05268b8.jpg,storeria-dekayi
e7cf15f7c1.jpg,pituophis-catenifer
3619f16494.jpg,pituophis-catenifer
7a27082f24.jpg,rhinocheilus-lecontei
8d98278446.jpg,crotalus-atrox
b9d53ffd45.jpg,agkistrodon-piscivorus
5d6b176f01.jpg,thamnophis-sirtalis
e97ba49b46.jpg,crotalus-atrox
1e04c22e2f.jpg,coluber-constrictor
790aa417c2.jpg,pituophis-catenifer
b58213e015.jpg,thamnophis-sirtalis
042c0fc943.jpg,pantherophis-obsoletus
47f515dbdc.jpg,nerodia-sipedon
84298633ca.jpg,thamnophis-sirtalis
e5a6f90969.jpg,storeria-dekayi
93c3acd68a.jpg,thamnophis-sirtalis
7cd411e836.jpg,crotalus-horridus
78398b7b6c.jpg,crotalus-atrox
59e07d0848.jpg,diadophis-punctatus
75b98c6e29.jpg,pantherophis-guttatus
b681aee40c.jpg,thamnophis-sirtalis
ac8fcab5ba.jpg,pituophis-catenifer
c68656ee58.jpg,storeria-dekayi
a1ae1155b3.jpg,lampropeltis-triangulum
c685e04441.jpg,pantherophis-spiloides
b24743c49c.jpg,thamnophis-marcianus
798c090b10.jpg,nerodia-sipedon
ea135d3a89.jpg,pantherophis-emoryi
c06284e0af.jpg,agkistrodon-contortrix
fe4b15022b.jpg,pantherophis-obsoletus
fbb94e594c.jpg,thamnophis-radix
5f7a87f204.jpg,pantherophis-obsoletus
ed8e92ecf1.jpg,thamnophis-sirtalis
9885c6266a.jpg,nerodia-sipedon
02a78ae220.jpg,pantherophis-alleghaniensis
7b7117f0c1.jpg,diadophis-punctatus
70355e73f8.jpg,nerodia-erythrogaster
2fc72ef3f4.jpg,nerodia-sipedon
5d3e048c96.jpg,opheodrys-aestivus
25623b3ce6.jpg,storeria-dekayi
083e3b50fd.jpg,pantherophis-obsoletus
0f6b88fcfc.jpg,thamnophis-sirtalis
91370ed279.jpg,thamnophis-sirtalis
7245fe93b9.jpg,nerodia-rhombifer
9cb7c4fd24.jpg,storeria-dekayi
7de50b5bdc.jpg,nerodia-sipedon
53a5a161de.jpg,diadophis-punctatus
59fe71d682.jpg,pituophis-catenifer
a8d2967840.jpg,crotalus-ruber
3355a69bda.jpg,crotalus-viridis
5dbde45405.jpg,nerodia-fasciata
47e66422c8.jpg,nerodia-erythrogaster
adaa93af64.jpg,crotalus-scutulatus
4fadd04098.jpg,pantherophis-obsoletus
1be8871524.jpg,diadophis-punctatus
ab0cd50587.jpg,storeria-dekayi
9b755092e4.jpg,pantherophis-spiloides
1e998306c0.jpg,pantherophis-obsoletus
07f075d594.jpg,nerodia-rhombifer
3d35b26c1a.jpg,storeria-dekayi
071901eca8.jpg,nerodia-sipedon
022d71aae9.jpg,thamnophis-sirtalis
4e8049b6d0.jpg,pantherophis-obsoletus
f354b8dfe7.jpg,thamnophis-sirtalis
f3a74d6ee0.jpg,thamnophis-sirtalis
2289e09d6a.jpg,crotalus-atrox
70483cb8ea.jpg,agkistrodon-contortrix
4d53b5cb4d.jpg,diadophis-punctatus
e50bb5978a.jpg,pantherophis-obsoletus
48e9e8aff8.jpg,nerodia-sipedon
213acb4781.jpg,thamnophis-sirtalis
e93cd41190.jpg,thamnophis-proximus
7ca16d8c1b.jpg,pantherophis-obsoletus
b7fe892e44.jpg,lampropeltis-triangulum
374615f6fb.jpg,crotalus-atrox
5126df2646.jpg,storeria-dekayi
1104584d38.jpg,storeria-dekayi
dff6304429.jpg,pantherophis-obsoletus
0c2849a26e.jpg,thamnophis-sirtalis
9d4ce5b72f.jpg,pituophis-catenifer
a141a881e2.jpg,thamnophis-elegans
33346242e2.jpg,pantherophis-spiloides
0d20d1c1a2.jpg,thamnophis-sirtalis
731a90d84c.jpg,pantherophis-alleghaniensis
5e4c1c7cc2.jpg,diadophis-punctatus
9db0bdd59d.jpg,nerodia-erythrogaster
253843f209.jpg,crotalus-scutulatus
e60709d049.jpg,nerodia-sipedon
054a536789.jpg,pituophis-catenifer
bf1a3b7b79.jpg,lampropeltis-californiae
d0612f3e8a.jpg,nerodia-erythrogaster
eebe64532a.jpg,storeria-dekayi
79594b42ef.jpg,diadophis-punctatus
bed81704c1.jpg,pituophis-catenifer
cbe0b8c85d.jpg,thamnophis-sirtalis
5ae808f8fd.jpg,lampropeltis-triangulum
5d448c05e1.jpg,pantherophis-obsoletus
4d051b9208.jpg,crotalus-scutulatus
88c9cc598c.jpg,nerodia-sipedon
e81c30e876.jpg,pantherophis-obsoletus
b9a8b67b16.jpg,pantherophis-obsoletus
9dabb5ee25.jpg,thamnophis-sirtalis
7ca6b80658.jpg,thamnophis-sirtalis
f60d7f670e.jpg,crotalus-atrox
55d9dd5142.jpg,pantherophis-obsoletus
882a08649b.jpg,crotalus-scutulatus
12fda3c135.jpg,coluber-constrictor
8d13d818de.jpg,lampropeltis-californiae
deb68826e6.jpg,pantherophis-obsoletus
0b5507f2a9.jpg,pituophis-catenifer
6925f4782a.jpg,storeria-dekayi
37f32fb0ba.jpg,pantherophis-guttatus
dd832524fa.jpg,thamnophis-sirtalis
c1f4d42327.jpg,crotalus-atrox
d803830007.jpg,heterodon-platirhinos
beec8cc1ba.jpg,heterodon-platirhinos
11a5d8337e.jpg,diadophis-punctatus
f143d212b3.jpg,pituophis-catenifer
a77509b170.jpg,storeria-dekayi
5c3936c628.jpg,pantherophis-obsoletus
21deaeaa17.jpg,diadophis-punctatus
1dcaaad800.jpg,nerodia-sipedon
484413b8d3.jpg,crotalus-atrox
8f25d1fc53.jpg,storeria-dekayi
8d63dc0ed6.jpg,pituophis-catenifer
c85a468e26.jpg,lampropeltis-triangulum
ba083e8689.jpg,pantherophis-obsoletus
f99d915b6b.jpg,thamnophis-sirtalis
855bd99878.jpg,diadophis-punctatus
2266898888.jpg,nerodia-sipedon
46058d8161.jpg,nerodia-erythrogaster
c6a13f622c.jpg,nerodia-sipedon
e0ed8038c6.jpg,storeria-dekayi
4c11e184fd.jpg,nerodia-sipedon
12e603532f.jpg,storeria-dekayi
5180638e96.jpg,pituophis-catenifer
b04dd2adec.jpg,pantherophis-obsoletus
7066af3e95.jpg,thamnophis-sirtalis
dfbfdc7fec.jpg,crotalus-atrox
cfb3f52655.jpg,pantherophis-obsoletus
a294303eeb.jpg,crotalus-atrox
f7358c1693.jpg,pituophis-catenifer
9be3399776.jpg,thamnophis-sirtalis
7eab2c68bb.jpg,nerodia-erythrogaster
2a95741853.jpg,diadophis-punctatus
d5b1906aa1.jpg,diadophis-punctatus
436330dda2.jpg,pantherophis-guttatus
d20b9db32d.jpg,nerodia-erythrogaster
7aed34b899.jpg,pantherophis-obsoletus
65406d36a7.jpg,thamnophis-sirtalis
f4853bcc67.jpg,lampropeltis-triangulum
c2719ab3f2.jpg,diadophis-punctatus
4d8f022e07.jpg,opheodrys-aestivus
6ef01917c6.jpg,nerodia-sipedon
fae66dee74.jpg,pantherophis-obsoletus
c1acdf0a74.jpg,crotalus-scutulatus
3ded70d7c3.jpg,pituophis-catenifer
83ab914a6d.jpg,pantherophis-obsoletus
fdbb06d2b0.jpg,opheodrys-aestivus
29c12aa50b.jpg,nerodia-erythrogaster
f4402d15f7.jpg,storeria-dekayi
b1d252ae26.jpg,nerodia-erythrogaster
e12901072d.jpg,storeria-dekayi
d495120d71.jpg,crotalus-horridus
4380a651bf.jpg,pantherophis-obsoletus
0dca38a9c9.jpg,crotalus-horridus
c0575f37ac.jpg,thamnophis-proximus
85bbb1d3fc.jpg,pantherophis-obsoletus
047788a264.jpg,storeria-dekayi
cf6a306170.jpg,crotalus-horridus
3c187495d8.jpg,pantherophis-obsoletus
93c4e94fba.jpg,storeria-dekayi
a86943e07b.jpg,thamnophis-sirtalis
c09b16ca15.jpg,diadophis-punctatus
9b478155ac.jpg,nerodia-sipedon
fdce965a85.jpg,crotalus-scutulatus
b86a0e9749.jpg,storeria-dekayi
72e92d074b.jpg,pantherophis-alleghaniensis
442a001933.jpg,pituophis-catenifer
f9ac703430.jpg,agkistrodon-contortrix
f41723b2b7.jpg,lampropeltis-californiae
9b4ad29201.jpg,nerodia-rhombifer
0e7368ddf1.jpg,coluber-constrictor
b5905be265.jpg,thamnophis-sirtalis
af55a93714.jpg,storeria-dekayi
b8022114ff.jpg,pituophis-catenifer
6869daa30d.jpg,crotalus-atrox
f6826f3a44.jpg,crotalus-atrox
d846222a27.jpg,thamnophis-sirtalis
8d8b41be92.jpg,crotalus-atrox
f5055dad14.jpg,crotalus-atrox
f5464b6c4d.jpg,nerodia-erythrogaster
df783face0.jpg,crotalus-viridis
5366409cc9.jpg,lampropeltis-californiae
20070bf8e0.jpg,storeria-dekayi
a8ae4b2cc4.jpg,thamnophis-sirtalis
ebbfcc7256.jpg,crotalus-horridus
e0af3ec1dc.jpg,thamnophis-sirtalis
f8c29af6a4.jpg,storeria-dekayi
51aeb208e1.jpg,crotalus-horridus
4892a7b03e.jpg,thamnophis-proximus
30d3a273c1.jpg,nerodia-rhombifer
9dea0393b2.jpg,thamnophis-sirtalis
5b06a39081.jpg,thamnophis-sirtalis
9acd404c7b.jpg,diadophis-punctatus
b6467c0d86.jpg,opheodrys-aestivus
ad18b657f0.jpg,pituophis-catenifer
fdf6135552.jpg,nerodia-rhombifer
1af0a36d6c.jpg,storeria-dekayi
547f6b9455.jpg,pantherophis-guttatus
bb222ddaa9.jpg,storeria-dekayi
3e53802c11.jpg,heterodon-platirhinos
44be6183a7.jpg,thamnophis-sirtalis
c73c3c3b9b.jpg,diadophis-punctatus
f519f23157.jpg,pantherophis-vulpinus
1e56fb5139.jpg,pantherophis-spiloides
b4699a9c84.jpg,pituophis-catenifer
c25b2a530d.jpg,thamnophis-sirtalis
c0c6aa8b10.jpg,coluber-constrictor
88608b60c6.jpg,thamnophis-sirtalis
1e416f3e13.jpg,crotalus-scutulatus
40988857ce.jpg,thamnophis-sirtalis
0c89d31702.jpg,storeria-dekayi
ed26fe7996.jpg,thamnophis-radix
94fe7ff244.jpg,pituophis-catenifer
46ee76ccb8.jpg,crotalus-atrox
d65c2dc896.jpg,crotalus-horridus
b0ebe0ec7c.jpg,nerodia-erythrogaster
b976cbbc89.jpg,pantherophis-obsoletus
8ba809dab1.jpg,crotalus-ruber
375696a37f.jpg,storeria-dekayi
9db974a233.jpg,diadophis-punctatus
31b15b7404.jpg,thamnophis-radix
8d33851a8b.jpg,agkistrodon-contortrix
17b3968ced.jpg,nerodia-erythrogaster
92dc510a40.jpg,storeria-dekayi
512fc9e23c.jpg,opheodrys-aestivus
d3a15518ac.jpg,storeria-dekayi
606b454ea5.jpg,pituophis-catenifer
9e8f1195b3.jpg,crotalus-atrox
9b09290d21.jpg,thamnophis-sirtalis
143df6c4aa.jpg,haldea-striatula
db06bafc17.jpg,pantherophis-guttatus
090abdc8b8.jpg,pituophis-catenifer
ed7b95d537.jpg,crotalus-atrox
ebdbb4edfa.jpg,nerodia-sipedon
e51bebd7ce.jpg,nerodia-erythrogaster
65faa9df15.jpg,pituophis-catenifer
7cf1559b96.jpg,nerodia-erythrogaster
809a0a209e.jpg,pantherophis-obsoletus
14a0397527.jpg,crotalus-viridis
db945af48b.jpg,pantherophis-obsoletus
3338b33890.jpg,crotalus-horridus
c3f5e146ba.jpg,crotalus-atrox
722b6323ec.jpg,nerodia-erythrogaster
4a6b1852d0.jpg,nerodia-sipedon
9a73a81dff.jpg,crotalus-horridus
44e2cc78d3.jpg,crotalus-atrox
e36fa6f2e6.jpg,thamnophis-sirtalis
37701846eb.jpg,nerodia-sipedon
c4804cb27f.jpg,lampropeltis-triangulum
2f774a0168.jpg,pantherophis-obsoletus
477737deba.jpg,storeria-dekayi
684a7b08ae.jpg,thamnophis-sirtalis
aadfad28f5.jpg,storeria-dekayi
2847d4e56d.jpg,pantherophis-guttatus
2e9f1674bc.jpg,opheodrys-aestivus
385ea02927.jpg,natrix-natrix
aaa615d84a.jpg,thamnophis-sirtalis
4a56a9830a.jpg,nerodia-erythrogaster
add4ded433.jpg,pituophis-catenifer
86cb5618f9.jpg,heterodon-platirhinos
8e1be27f76.jpg,nerodia-sipedon
41de4add86.jpg,pantherophis-obsoletus
618148c93a.jpg,agkistrodon-contortrix
94384b64ee.jpg,pituophis-catenifer
98ca8e97e3.jpg,opheodrys-aestivus
58a809a5da.jpg,crotalus-atrox
c82b0038fb.jpg,agkistrodon-contortrix
3e948e13ad.jpg,nerodia-sipedon
b77fbe5457.jpg,opheodrys-aestivus
5ea87a2f3d.jpg,pantherophis-obsoletus
3aaaeb3001.jpg,pantherophis-obsoletus
855792de01.jpg,lampropeltis-triangulum
a4936afac4.jpg,pantherophis-obsoletus
68570123d7.jpg,crotalus-atrox
ab501eeaa1.jpg,crotalus-atrox
fa68e6c437.jpg,diadophis-punctatus
b78234966e.jpg,crotalus-atrox
d8989a7ebd.jpg,nerodia-sipedon
de9b02c30b.jpg,crotalus-atrox
8d02041d76.jpg,pantherophis-obsoletus
924799e3f4.jpg,pantherophis-obsoletus
9a78bc503d.jpg,thamnophis-sirtalis
fe652f12b4.jpg,thamnophis-sirtalis
ff8781cb80.jpg,nerodia-erythrogaster
c41ed9c05b.jpg,thamnophis-radix
3024fa18e5.jpg,pantherophis-spiloides
488901ecd7.jpg,nerodia-erythrogaster
3bbdab923c.jpg,diadophis-punctatus
08a0158c25.jpg,nerodia-sipedon
3563d17587.jpg,lampropeltis-triangulum
50281e1d1d.jpg,pituophis-catenifer
a28a1a35a7.jpg,crotalus-horridus
8161449847.jpg,thamnophis-sirtalis
b9179ad8ed.jpg,crotalus-horridus
aeeb16bfec.jpg,nerodia-sipedon
2c983824a0.jpg,nerodia-rhombifer
8481649aee.jpg,crotalus-atrox
20f14eedb1.jpg,crotalus-atrox
341d33701d.jpg,rhinocheilus-lecontei
df0fb047d2.jpg,rhinocheilus-lecontei
4228389f4b.jpg,nerodia-sipedon
0ce760d438.jpg,pantherophis-obsoletus
7d316f0c9d.jpg,diadophis-punctatus
d98003bb75.jpg,pituophis-catenifer
4f39265344.jpg,thamnophis-sirtalis
012154c583.jpg,nerodia-sipedon
cfa7ab3db8.jpg,crotalus-atrox
5ac4d84b46.jpg,storeria-dekayi
a1d9f93887.jpg,pituophis-catenifer
4fa2f1b008.jpg,storeria-dekayi
b45b7e4c81.jpg,thamnophis-sirtalis
786ba4ba4b.jpg,diadophis-punctatus
31614aea45.jpg,heterodon-platirhinos
d111dafe36.jpg,thamnophis-sirtalis
c2608c8551.jpg,lampropeltis-triangulum
cc7b9bd6ed.jpg,thamnophis-sirtalis
9582dbeb27.jpg,thamnophis-sirtalis
1e665d3a05.jpg,diadophis-punctatus
50d38f3707.jpg,nerodia-sipedon
79818ed7bd.jpg,agkistrodon-contortrix
13ebc1770d.jpg,diadophis-punctatus
92643765f4.jpg,nerodia-erythrogaster
c5b4577265.jpg,crotalus-atrox
46e4512b8e.jpg,lampropeltis-californiae
79e5a876ae.jpg,thamnophis-radix
eda032e523.jpg,diadophis-punctatus
0fd905ded1.jpg,coluber-constrictor
ef82006232.jpg,diadophis-punctatus
4b823fb6b9.jpg,thamnophis-sirtalis
c71ddedbd6.jpg,pantherophis-obsoletus
8ab088c8fe.jpg,thamnophis-sirtalis
2a686ef996.jpg,storeria-dekayi
44827e0c96.jpg,pantherophis-obsoletus
c3c66a42cd.jpg,storeria-dekayi
97a2c7ecb7.jpg,storeria-dekayi
68f05a3a85.jpg,thamnophis-sirtalis
d67f206f3d.jpg,storeria-dekayi
1b9dd02d06.jpg,thamnophis-sirtalis
7cead4b1c3.jpg,pituophis-catenifer
785a849ff5.jpg,pituophis-catenifer
02fa6b3ee5.jpg,pituophis-catenifer
87318c3aca.jpg,storeria-occipitomaculata
bb4b7c9f3b.jpg,coluber-constrictor
647d580a8c.jpg,crotalus-atrox
c28fa93914.jpg,thamnophis-sirtalis
1d6504604f.jpg,crotalus-atrox
b960c924af.jpg,nerodia-erythrogaster
95f24f6dbf.jpg,agkistrodon-contortrix
144981a319.jpg,pantherophis-obsoletus
c5843ff6bc.jpg,pituophis-catenifer
3981bb53f1.jpg,agkistrodon-contortrix
8cb6eebb38.jpg,thamnophis-sirtalis
8111c15451.jpg,crotalus-scutulatus
0dddf76dfe.jpg,storeria-dekayi
5421f5b6ca.jpg,crotalus-horridus
f2d94b49ca.jpg,crotalus-horridus
76cdffaffb.jpg,crotalus-atrox
46a6a306fc.jpg,pituophis-catenifer
2b6245d77b.jpg,pantherophis-spiloides
c47c82122f.jpg,nerodia-sipedon
c04ef971c2.jpg,thamnophis-sirtalis
d112dcec1e.jpg,masticophis-flagellum
6c78d9c8ce.jpg,storeria-dekayi
1d3c4f7d2f.jpg,diadophis-punctatus
9c88832a7a.jpg,nerodia-erythrogaster
0cc412b743.jpg,storeria-dekayi
813751c7fe.jpg,agkistrodon-contortrix
fba47323dd.jpg,thamnophis-sirtalis
4733a797e4.jpg,opheodrys-aestivus
811119a90b.jpg,pantherophis-obsoletus
0d08d8becf.jpg,crotalus-atrox
f3bdc27db9.jpg,crotalus-horridus
bbe79f4604.jpg,agkistrodon-contortrix
d5fb0f6816.jpg,pituophis-catenifer
f94be71c7a.jpg,storeria-dekayi
4a247becfb.jpg,agkistrodon-contortrix
89a8cb0e76.jpg,thamnophis-sirtalis
ef54757e06.jpg,pantherophis-spiloides
da8f5e5486.jpg,pituophis-catenifer
386f649b46.jpg,storeria-dekayi
ef07005750.jpg,opheodrys-aestivus
33c33c3665.jpg,crotalus-horridus
d919c074ed.jpg,pantherophis-spiloides
343d7275b2.jpg,haldea-striatula
1794be2478.jpg,storeria-dekayi
038eefc633.jpg,nerodia-sipedon
033c590985.jpg,opheodrys-aestivus
1288525568.jpg,pantherophis-alleghaniensis
3b0596bd51.jpg,crotalus-atrox
84191bfd5a.jpg,crotalus-atrox
11660a3b49.jpg,nerodia-sipedon
b5b4689c0d.jpg,pantherophis-obsoletus
6bc53a3ab8.jpg,heterodon-platirhinos
c095ab66df.jpg,pantherophis-obsoletus
6f44735f58.jpg,storeria-dekayi
2f3f358d43.jpg,storeria-dekayi
da3f1c4d6e.jpg,pantherophis-obsoletus
0b975a80ed.jpg,storeria-dekayi
e27ca7d445.jpg,storeria-dekayi
14c1f66246.jpg,thamnophis-sirtalis
69d4b15fd1.jpg,pantherophis-alleghaniensis
657cdeaa72.jpg,crotalus-atrox
5b356b946f.jpg,pantherophis-obsoletus
8b2bbb9546.jpg,diadophis-punctatus
2b8b168c61.jpg,pantherophis-alleghaniensis
e3654cac52.jpg,heterodon-platirhinos
65683b5376.jpg,pituophis-catenifer
fc4dbc6d5d.jpg,storeria-dekayi
3dccd63a1c.jpg,pituophis-catenifer
25891d7e28.jpg,storeria-dekayi
7d47015e7f.jpg,nerodia-erythrogaster
451a823673.jpg,storeria-dekayi
d930d37135.jpg,storeria-dekayi
b937924469.jpg,thamnophis-sirtalis
ad64e08277.jpg,opheodrys-aestivus
19bd628df5.jpg,nerodia-erythrogaster
f247f88b68.jpg,pituophis-catenifer
ba00658f4c.jpg,thamnophis-sirtalis
68722a30ea.jpg,storeria-dekayi
36beae29d4.jpg,agkistrodon-contortrix
ce8b6913f4.jpg,pantherophis-spiloides
fbf220a77a.jpg,heterodon-platirhinos
5cb1e2553b.jpg,diadophis-punctatus
992f8823fb.jpg,crotalus-atrox
c10ff40811.jpg,storeria-dekayi
b1d492d342.jpg,nerodia-erythrogaster
713804346e.jpg,pantherophis-obsoletus
1c54dbdb06.jpg,agkistrodon-contortrix
db28e1151c.jpg,crotalus-horridus
162a7cdf2a.jpg,crotalus-horridus
e9d344e301.jpg,heterodon-platirhinos
8610476c82.jpg,thamnophis-sirtalis
054481ab8f.jpg,thamnophis-sirtalis
881fd4dc15.jpg,pituophis-catenifer
01bc7841f0.jpg,thamnophis-sirtalis
11f0e3c25b.jpg,pantherophis-obsoletus
68642c8410.jpg,nerodia-erythrogaster
b73f6347cd.jpg,pantherophis-obsoletus
b3452f1934.jpg,pituophis-catenifer
963998afb6.jpg,thamnophis-sirtalis
6dbd0674dd.jpg,agkistrodon-contortrix
7ed1337bff.jpg,nerodia-erythrogaster
55e04b0100.jpg,diadophis-punctatus
a8827df7c1.jpg,thamnophis-sirtalis
1f393e851f.jpg,storeria-dekayi
54d2fa2eda.jpg,diadophis-punctatus
d93873fdb7.jpg,crotalus-horridus
bf1a6aa6aa.jpg,storeria-dekayi
7c63285d95.jpg,pantherophis-alleghaniensis
ce17bee7ea.jpg,nerodia-rhombifer
fa0e46865e.jpg,lampropeltis-californiae
c2ad7b1b76.jpg,nerodia-sipedon
6dea60b535.jpg,diadophis-punctatus
73bda1efb3.jpg,haldea-striatula
0a92678115.jpg,pantherophis-guttatus
8bb0c18e00.jpg,crotalus-horridus
15f4557735.jpg,pantherophis-obsoletus
72d0f049bf.jpg,thamnophis-radix
f35100aade.jpg,pituophis-catenifer
d44c8d5314.jpg,storeria-dekayi
0fa9fc3183.jpg,crotalus-horridus
c484be18d6.jpg,pantherophis-guttatus
d6279d9ecd.jpg,crotalus-atrox
a1c21d6672.jpg,diadophis-punctatus
bde7c1f5cc.jpg,crotalus-atrox
e1dce31f83.jpg,diadophis-punctatus
227ad5b05c.jpg,diadophis-punctatus
b830d5dbe5.jpg,heterodon-platirhinos
ccb79ed307.jpg,pantherophis-emoryi
fef6cec454.jpg,thamnophis-radix
b9509d1721.jpg,pantherophis-obsoletus
6f3af7373d.jpg,pantherophis-alleghaniensis
57db3594db.jpg,crotalus-horridus
2472af6c57.jpg,lampropeltis-triangulum
bd43b49990.jpg,heterodon-platirhinos
64b358a9bb.jpg,crotalus-atrox
a59422c281.jpg,nerodia-fasciata
6cbc15a33e.jpg,pantherophis-obsoletus
48a78ec539.jpg,nerodia-sipedon
ec24a7dba0.jpg,thamnophis-sirtalis
49734a6ebf.jpg,pantherophis-obsoletus
01008992e9.jpg,agkistrodon-contortrix
11790d01c8.jpg,storeria-dekayi
40b8fc0e84.jpg,storeria-dekayi
14b51564a5.jpg,storeria-dekayi
5a7b351a60.jpg,pantherophis-obsoletus
2a7b6c5b9c.jpg,pituophis-catenifer
26cab4eb5c.jpg,agkistrodon-piscivorus
f03aa5df7a.jpg,lampropeltis-triangulum
b19e082892.jpg,pantherophis-obsoletus
cb82fa561f.jpg,thamnophis-sirtalis
902a71bf05.jpg,thamnophis-sirtalis
7bf3a6739b.jpg,haldea-striatula
8a604f1ddc.jpg,agkistrodon-contortrix
7f926d3284.jpg,storeria-dekayi
96958ebf1b.jpg,nerodia-sipedon
9886f29ea0.jpg,opheodrys-aestivus
a151d5bd1d.jpg,nerodia-sipedon
601a036889.jpg,diadophis-punctatus
ace74db921.jpg,nerodia-sipedon
f92fe5e5b0.jpg,storeria-dekayi
49f08ece45.jpg,agkistrodon-contortrix
b8c09adadc.jpg,lampropeltis-triangulum
8b704e36a2.jpg,nerodia-sipedon
3fd328c40e.jpg,crotalus-atrox
07a1325194.jpg,nerodia-sipedon
559a737051.jpg,storeria-dekayi
9784892755.jpg,pantherophis-obsoletus
6b1f376295.jpg,nerodia-sipedon
2e0d21aede.jpg,storeria-dekayi
4cb6776f57.jpg,thamnophis-proximus
dad51cd1dd.jpg,diadophis-punctatus
160ff28e12.jpg,nerodia-erythrogaster
ac2b560e59.jpg,agkistrodon-piscivorus
80960684df.jpg,nerodia-sipedon
dda7fe77cf.jpg,pantherophis-obsoletus
41b6e2b209.jpg,nerodia-sipedon
4e786381ff.jpg,storeria-dekayi
e6f6b08dc0.jpg,rhinocheilus-lecontei
39ae08a8a2.jpg,thamnophis-sirtalis
07ad933b01.jpg,pantherophis-obsoletus
ab72fae277.jpg,pituophis-catenifer
17b254d95e.jpg,diadophis-punctatus
d0a8efe351.jpg,pantherophis-obsoletus
ccf22994e8.jpg,crotalus-horridus
dc912c11c4.jpg,lampropeltis-californiae
cd41d47965.jpg,rhinocheilus-lecontei
c73f697001.jpg,pituophis-catenifer
bf0251ff3c.jpg,thamnophis-sirtalis
42649255bc.jpg,thamnophis-radix
293259d508.jpg,storeria-dekayi
4cc20d0bc8.jpg,thamnophis-radix
8fabf4c798.jpg,nerodia-sipedon
5d0faf4c7b.jpg,pantherophis-spiloides
e739a016b4.jpg,crotalus-horridus
222f09d68c.jpg,pituophis-catenifer
a4bf73e176.jpg,heterodon-platirhinos
b137ef058f.jpg,diadophis-punctatus
c1039f5273.jpg,nerodia-sipedon
b8c8491cb6.jpg,nerodia-erythrogaster
ee31dcdf27.jpg,nerodia-sipedon
718bc14e1a.jpg,crotalus-scutulatus
67fea1ff7d.jpg,pantherophis-obsoletus
e801ee6840.jpg,crotalus-atrox
8d2b02a4b8.jpg,crotalus-horridus
1fff5a46d7.jpg,thamnophis-sirtalis
045f997c55.jpg,thamnophis-sirtalis
c724879503.jpg,crotalus-atrox
ceb38802d8.jpg,pantherophis-alleghaniensis
f54c8489c0.jpg,crotalus-atrox
8a1aa78cda.jpg,thamnophis-radix
a89830d58e.jpg,crotalus-atrox
857c430acc.jpg,storeria-dekayi
727d39c386.jpg,thamnophis-sirtalis
e46e1ff177.jpg,pantherophis-obsoletus
ff36f08f54.jpg,masticophis-flagellum
42b9ebe601.jpg,pituophis-catenifer
6c2e15cfe3.jpg,crotalus-atrox
b0b4a61772.jpg,pituophis-catenifer
c08388a48f.jpg,nerodia-sipedon
bbfba08e73.jpg,pantherophis-alleghaniensis
8d52547e5f.jpg,thamnophis-sirtalis
34e6afb98b.jpg,lampropeltis-triangulum
5d82166868.jpg,nerodia-sipedon
991a9dbcb3.jpg,crotalus-atrox
e0b2962c83.jpg,thamnophis-radix
57050111e0.jpg,crotalus-atrox
559ed5ed62.jpg,pantherophis-obsoletus
cfa6f0c0ea.jpg,rhinocheilus-lecontei
68ffd2a53a.jpg,crotalus-atrox
b9afe1d694.jpg,diadophis-punctatus
03e5159380.jpg,pituophis-catenifer
7b9765dd01.jpg,nerodia-erythrogaster
5b1613f007.jpg,crotalus-horridus
a48ae72b05.jpg,diadophis-punctatus
55558305ba.jpg,diadophis-punctatus
895249fbf8.jpg,nerodia-sipedon
3dcee426bd.jpg,pantherophis-obsoletus
0dffc5dc0a.jpg,haldea-striatula
fbda0ff664.jpg,storeria-dekayi
47241a7a2f.jpg,nerodia-sipedon
d417d4f631.jpg,thamnophis-sirtalis
23ad837e57.jpg,thamnophis-marcianus
6f2c9b0a8e.jpg,thamnophis-radix
a01abc8b06.jpg,rhinocheilus-lecontei
c6ca718826.jpg,nerodia-sipedon
ab888375df.jpg,crotalus-horridus
2b1db1ded4.jpg,nerodia-erythrogaster
fd6832ac73.jpg,thamnophis-sirtalis
485a5b3419.jpg,storeria-dekayi
aedeb630da.jpg,thamnophis-sirtalis
09f01bb907.jpg,pantherophis-spiloides
a763ba3648.jpg,lampropeltis-triangulum
dc5f2f060a.jpg,crotalus-atrox
dd01683edc.jpg,storeria-dekayi
e931b94a50.jpg,crotalus-horridus
fa58c0f04f.jpg,thamnophis-sirtalis
e2c8b01054.jpg,pantherophis-obsoletus
15ddd7bca3.jpg,lampropeltis-triangulum
f00a203827.jpg,storeria-dekayi
1cc583c86f.jpg,nerodia-sipedon
8ae15dfb92.jpg,crotalus-atrox
71150f768b.jpg,pantherophis-obsoletus
0823016b69.jpg,heterodon-platirhinos
d21d7e61ca.jpg,storeria-dekayi
063269761f.jpg,rhinocheilus-lecontei
700d8ecd83.jpg,pantherophis-obsoletus
4d2a67a53b.jpg,thamnophis-radix
3292dbb525.jpg,thamnophis-sirtalis
207bea7c2e.jpg,pantherophis-guttatus
f47788339e.jpg,thamnophis-sirtalis
79104dbf66.jpg,nerodia-erythrogaster
42378b3f2f.jpg,thamnophis-sirtalis
2a44495fb7.jpg,thamnophis-sirtalis
3e2ea403b2.jpg,lampropeltis-triangulum
f7e249aed9.jpg,pantherophis-obsoletus
b92b1aedcc.jpg,storeria-dekayi
e1d6453f2b.jpg,thamnophis-sirtalis
cceb5470db.jpg,nerodia-sipedon
8486c55d6c.jpg,diadophis-punctatus
a0dd47833b.jpg,crotalus-horridus
1e056656bf.jpg,crotalus-atrox
0b739e266e.jpg,pituophis-catenifer
0394781976.jpg,pantherophis-obsoletus
13d58ec6aa.jpg,pantherophis-obsoletus
860bb58cdf.jpg,storeria-dekayi
9f6fd47396.jpg,nerodia-erythrogaster
295ab7d70f.jpg,crotalus-scutulatus
e0e5b99f06.jpg,crotalus-horridus
af99899112.jpg,nerodia-fasciata
a2d253f06d.jpg,diadophis-punctatus
db517bd3e6.jpg,thamnophis-sirtalis
6c5e01ce28.jpg,thamnophis-sirtalis
ad94af4567.jpg,crotalus-atrox
a45fc803c9.jpg,coluber-constrictor
bfae6bd6d5.jpg,crotalus-atrox
688b2608c8.jpg,nerodia-sipedon
3aedf03b93.jpg,thamnophis-sirtalis
2988f6b14e.jpg,crotalus-atrox
22533e6b71.jpg,pituophis-catenifer
ff7735def6.jpg,agkistrodon-contortrix
292607026b.jpg,crotalus-horridus
3ccb420d0c.jpg,pantherophis-guttatus
13a059d87a.jpg,diadophis-punctatus
3c083b4590.jpg,pantherophis-alleghaniensis
2cefdedb33.jpg,diadophis-punctatus
a60ce6d077.jpg,pantherophis-obsoletus
5bb72556f9.jpg,coluber-constrictor
9ebfc32ad0.jpg,thamnophis-sirtalis
f962e3439e.jpg,pituophis-catenifer
1930c4ef59.jpg,pantherophis-vulpinus
36ff5e2a56.jpg,diadophis-punctatus
17f7991a24.jpg,storeria-dekayi
e2852dfcc2.jpg,thamnophis-marcianus
cac1cf0907.jpg,nerodia-sipedon
6bc32ee53e.jpg,crotalus-scutulatus
6fcc4ea871.jpg,nerodia-erythrogaster
b4d280970e.jpg,pantherophis-guttatus
c0062f2cd3.jpg,storeria-dekayi
1debbd0daa.jpg,thamnophis-sirtalis
9e7a2e94c4.jpg,pituophis-catenifer
b688c60e29.jpg,storeria-dekayi
9315a4a9e9.jpg,storeria-dekayi
fb5fc3ff56.jpg,storeria-dekayi
87608051e5.jpg,agkistrodon-piscivorus
b99098909e.jpg,lampropeltis-triangulum
47a8ec4f3e.jpg,rhinocheilus-lecontei
bd95ef304d.jpg,nerodia-sipedon
9b07f3eacf.jpg,thamnophis-sirtalis
3412a66683.jpg,thamnophis-sirtalis
867f2ef9d9.jpg,pantherophis-obsoletus
5b4838e1e5.jpg,thamnophis-sirtalis
6ca03f6d63.jpg,nerodia-sipedon
3f59a08941.jpg,crotalus-atrox
91fb4fb5e5.jpg,thamnophis-sirtalis
825908cce1.jpg,crotalus-atrox
9d0d36b4b2.jpg,thamnophis-sirtalis
a869568b74.jpg,pantherophis-obsoletus
4bb31fa285.jpg,storeria-dekayi
8b8357c908.jpg,crotalus-horridus
452124f26d.jpg,storeria-dekayi
820f329919.jpg,storeria-dekayi
662449a569.jpg,pantherophis-obsoletus
2cb9a689f8.jpg,nerodia-sipedon
ac132f5934.jpg,crotalus-atrox
55c5a2a0bb.jpg,storeria-dekayi
77cdc9894e.jpg,pantherophis-guttatus
b0669937f2.jpg,nerodia-sipedon
416e8f5071.jpg,pantherophis-guttatus
044b47bb18.jpg,storeria-dekayi
b11275c440.jpg,lampropeltis-triangulum
6d644b2b27.jpg,crotalus-atrox
fe3fe692d4.jpg,crotalus-atrox
57ef22b097.jpg,diadophis-punctatus
d9fca7fbeb.jpg,agkistrodon-piscivorus
f3ecca6910.jpg,lampropeltis-triangulum
2004e8fe2c.jpg,agkistrodon-contortrix
5ed983ebe4.jpg,pantherophis-obsoletus
0ce29ac201.jpg,thamnophis-sirtalis
3327333217.jpg,crotalus-atrox
ba126f9814.jpg,pantherophis-obsoletus
58a86e1fbc.jpg,crotalus-atrox
ce51028899.jpg,pantherophis-obsoletus
a075ddf05c.jpg,pantherophis-obsoletus
27fe381477.jpg,rhinocheilus-lecontei
5fa87ae1fc.jpg,thamnophis-sirtalis
b5293b81b0.jpg,agkistrodon-contortrix
5653096047.jpg,crotalus-atrox
37503e8da9.jpg,nerodia-sipedon
aee44249a7.jpg,storeria-dekayi
15003d8072.jpg,crotalus-atrox
26ea706d87.jpg,pantherophis-obsoletus
b107b5bfec.jpg,crotalus-atrox
e2fcddeb52.jpg,storeria-dekayi
3abfa44d66.jpg,thamnophis-sirtalis
575fd1acd4.jpg,thamnophis-sirtalis
4e595ab339.jpg,pantherophis-alleghaniensis
eaedb4aeea.jpg,crotalus-atrox
f26b948e46.jpg,pituophis-catenifer
9f10e1116b.jpg,storeria-dekayi
da3f536aeb.jpg,nerodia-erythrogaster
14265d230f.jpg,storeria-dekayi
87403ef53d.jpg,nerodia-erythrogaster
b6ffe43c55.jpg,crotalus-atrox
75ebbc0cd3.jpg,rhinocheilus-lecontei
b1e89ad24e.jpg,pantherophis-emoryi
56c9e212e1.jpg,thamnophis-sirtalis
c375eaa47c.jpg,storeria-dekayi
9d60408184.jpg,thamnophis-marcianus
7c700cba7a.jpg,crotalus-atrox
4846c2ff38.jpg,pituophis-catenifer
cca13460db.jpg,nerodia-erythrogaster
ace4428288.jpg,crotalus-atrox
f93b01cf67.jpg,rhinocheilus-lecontei
381cd1d7b0.jpg,storeria-dekayi
30e4144ba5.jpg,nerodia-sipedon
c96674a57e.jpg,crotalus-horridus
b5fa9c891c.jpg,pantherophis-obsoletus
857dc26592.jpg,thamnophis-sirtalis
a76c44bb89.jpg,pituophis-catenifer
82e701f9a7.jpg,opheodrys-aestivus
9e2d9ab3e2.jpg,pituophis-catenifer
a8ea06d10f.jpg,opheodrys-aestivus
594cc3fd5a.jpg,crotalus-atrox
66533f8fc8.jpg,pituophis-catenifer
393100f69f.jpg,natrix-natrix
be611db16b.jpg,nerodia-sipedon
e5a3e55619.jpg,pantherophis-obsoletus
ab227abef4.jpg,pituophis-catenifer
f89b383858.jpg,thamnophis-sirtalis
bc050ff130.jpg,thamnophis-radix
56c75093dd.jpg,pituophis-catenifer
63da8e83a5.jpg,pituophis-catenifer
ccd7709ba8.jpg,nerodia-erythrogaster
624a6c0459.jpg,crotalus-atrox
f6f493238e.jpg,pantherophis-guttatus
8ea489d2ec.jpg,nerodia-sipedon
4414687ddb.jpg,lampropeltis-triangulum
16768932e7.jpg,nerodia-sipedon
4c3eb5bfb1.jpg,crotalus-horridus
29da4e905f.jpg,pantherophis-obsoletus
3e77a414cf.jpg,lampropeltis-californiae
480178afdb.jpg,diadophis-punctatus
da1aeaec34.jpg,pantherophis-obsoletus
f9d30e7c25.jpg,lampropeltis-triangulum
6c8893e5b9.jpg,heterodon-platirhinos
fcb8d0382d.jpg,storeria-dekayi
5ede340e32.jpg,pantherophis-obsoletus
d1ef8c5ebe.jpg,nerodia-erythrogaster
20c98b7d75.jpg,thamnophis-sirtalis
a32ca206e4.jpg,diadophis-punctatus
b14024890c.jpg,crotalus-atrox
eadd4b193b.jpg,thamnophis-marcianus
1309de6784.jpg,haldea-striatula
8c0ecbc291.jpg,diadophis-punctatus
86be30154b.jpg,pantherophis-obsoletus
9cb8de814e.jpg,pantherophis-obsoletus
5f255f8a6f.jpg,pantherophis-obsoletus
d6ed42c50b.jpg,thamnophis-radix
6ffd88def2.jpg,diadophis-punctatus
348d974fa5.jpg,diadophis-punctatus
6ff13e6eb6.jpg,pantherophis-obsoletus
d441752d22.jpg,pantherophis-obsoletus
d582a92123.jpg,masticophis-flagellum
fa6146a028.jpg,diadophis-punctatus
35a1801b68.jpg,pituophis-catenifer
9ecc4721bf.jpg,crotalus-atrox
7be7d952f8.jpg,thamnophis-sirtalis
d58eda8969.jpg,storeria-dekayi
998a1cbe5a.jpg,thamnophis-sirtalis
2f28b83984.jpg,thamnophis-sirtalis
54126ca78d.jpg,nerodia-rhombifer
d47dbad6f9.jpg,pituophis-catenifer
b70ed6998c.jpg,crotalus-horridus
351a52d327.jpg,agkistrodon-contortrix
66c69c2d1a.jpg,thamnophis-sirtalis
e09b662bd5.jpg,crotalus-atrox
f457c263c5.jpg,pantherophis-vulpinus
1996c3c0a0.jpg,crotalus-atrox
80c77ea095.jpg,crotalus-horridus
8fea7a6f67.jpg,pantherophis-alleghaniensis
e496c7ae34.jpg,nerodia-sipedon
c33c94bd3d.jpg,storeria-occipitomaculata
356311d35c.jpg,nerodia-erythrogaster
00fefc891d.jpg,crotalus-atrox
4d8e2d733d.jpg,storeria-dekayi
8b16f8a4e1.jpg,pantherophis-obsoletus
c606bb7282.jpg,pantherophis-obsoletus
07265abede.jpg,diadophis-punctatus
b5171d3348.jpg,thamnophis-sirtalis
00a3b82892.jpg,crotalus-horridus
e9b38ba43f.jpg,nerodia-rhombifer
27046a7f7d.jpg,crotalus-atrox
325e2a718c.jpg,nerodia-sipedon
bd3de164e8.jpg,diadophis-punctatus
05bbc5070b.jpg,nerodia-sipedon
fe4bdf4f63.jpg,thamnophis-sirtalis
f4459bc74a.jpg,thamnophis-sirtalis
77dd465e89.jpg,thamnophis-radix
9db61dea8b.jpg,pituophis-catenifer
d66c3f3d34.jpg,storeria-dekayi
986467ee6d.jpg,storeria-dekayi
bc055cfcf1.jpg,thamnophis-sirtalis
febc601a64.jpg,pantherophis-vulpinus
4fb62fe5f4.jpg,nerodia-sipedon
5c0dcbb923.jpg,pantherophis-spiloides
e405656b1b.jpg,diadophis-punctatus
89ac32a56d.jpg,pituophis-catenifer
e037e771c3.jpg,nerodia-sipedon
dd13ef5784.jpg,thamnophis-sirtalis
f5f14dcdd2.jpg,crotalus-horridus
7d40454b7b.jpg,crotalus-atrox
cbe325ab91.jpg,thamnophis-sirtalis
8b8f0dd5e6.jpg,nerodia-sipedon
fc58e19ca0.jpg,pituophis-catenifer
5e0fe76874.jpg,thamnophis-sirtalis
e42020f71e.jpg,nerodia-erythrogaster
6ee21f4bbc.jpg,nerodia-erythrogaster
7e25f7155c.jpg,thamnophis-sirtalis
aba879e0f7.jpg,crotalus-horridus
79e730fef9.jpg,pituophis-catenifer
2d0a449a11.jpg,pantherophis-obsoletus
ddeaf09179.jpg,crotalus-atrox
50a7c39fb7.jpg,nerodia-sipedon
018c739beb.jpg,crotalus-atrox
fc94ed1d6d.jpg,crotalus-atrox
230c70d896.jpg,storeria-dekayi
d2084ae837.jpg,storeria-dekayi
580f638042.jpg,pantherophis-alleghaniensis
cd8dc76a5a.jpg,opheodrys-aestivus
c8ca8f0048.jpg,thamnophis-radix
ef1690ca4f.jpg,nerodia-sipedon
d484524f6a.jpg,diadophis-punctatus
3e12eda545.jpg,thamnophis-sirtalis
2874500090.jpg,storeria-dekayi
279efc0706.jpg,thamnophis-sirtalis
ff8722be40.jpg,storeria-dekayi
d1741bbdfa.jpg,crotalus-scutulatus
277dc08855.jpg,opheodrys-aestivus
79ce251e0a.jpg,lampropeltis-californiae
ec2cb44a7f.jpg,storeria-dekayi
f13f3085ae.jpg,pituophis-catenifer
368907beeb.jpg,storeria-dekayi
cbb770ff5a.jpg,pantherophis-emoryi
543995ea87.jpg,crotalus-atrox
07624666fb.jpg,thamnophis-sirtalis
bd32389689.jpg,pituophis-catenifer
f22cb96859.jpg,crotalus-atrox
0a78ca4bcb.jpg,crotalus-horridus
d6a80b7b94.jpg,storeria-dekayi
ebcbf1382f.jpg,pituophis-catenifer
c334072feb.jpg,pantherophis-obsoletus
2e97263a6b.jpg,crotalus-atrox
77321df6c5.jpg,thamnophis-sirtalis
779248244f.jpg,storeria-dekayi
8f336f0634.jpg,rhinocheilus-lecontei
7bf2980a9d.jpg,diadophis-punctatus
4bbc8c4bcb.jpg,crotalus-atrox
e4827f9295.jpg,storeria-dekayi
bdbd9d005c.jpg,diadophis-punctatus
8b9db7077f.jpg,storeria-dekayi
ca33c6d5ad.jpg,thamnophis-sirtalis
2abb924a58.jpg,haldea-striatula
ccdceb7b04.jpg,crotalus-atrox
1c53a0e9af.jpg,masticophis-flagellum
9d5e6df395.jpg,pantherophis-obsoletus
14766b3230.jpg,lampropeltis-californiae
336c730066.jpg,agkistrodon-contortrix
b4f2848f54.jpg,diadophis-punctatus
c7c9fdada6.jpg,pantherophis-obsoletus
2ea0beae2d.jpg,storeria-dekayi
093655b322.jpg,storeria-dekayi
5eab328c5b.jpg,nerodia-erythrogaster
5955a29848.jpg,pituophis-catenifer
07437a1fe8.jpg,diadophis-punctatus
f63b571452.jpg,thamnophis-proximus
2632a10a71.jpg,nerodia-erythrogaster
274fd61c14.jpg,nerodia-erythrogaster
a7f5375ba7.jpg,agkistrodon-contortrix
f037d55664.jpg,storeria-dekayi
138924be68.jpg,diadophis-punctatus
acd563d446.jpg,crotalus-atrox
4b381d7348.jpg,nerodia-sipedon
0ae45b5aaa.jpg,pituophis-catenifer
a853ecfce0.jpg,nerodia-sipedon
f7ab9a3e13.jpg,nerodia-erythrogaster
231da2602e.jpg,thamnophis-sirtalis
48ac7f1c7d.jpg,thamnophis-sirtalis
770de8c393.jpg,thamnophis-sirtalis
2049112874.jpg,thamnophis-radix
d5c6a36fb3.jpg,pantherophis-obsoletus
5d5286410a.jpg,agkistrodon-contortrix
fbd2e05f9d.jpg,pituophis-catenifer
5cb1e77e60.jpg,diadophis-punctatus
016c384a1a.jpg,crotalus-horridus
7b7a456cd9.jpg,thamnophis-sirtalis
99e3cdcc39.jpg,crotalus-atrox
a3df4a6366.jpg,pantherophis-obsoletus
3b99bf84d6.jpg,heterodon-platirhinos
59cd4c4417.jpg,thamnophis-sirtalis
a44d993fbe.jpg,pantherophis-obsoletus
806789a916.jpg,heterodon-platirhinos
10c35c9661.jpg,pituophis-catenifer
d5998a22fb.jpg,thamnophis-sirtalis
f08e8cb28b.jpg,thamnophis-sirtalis
d931cd921f.jpg,thamnophis-radix
5ab3fc3b21.jpg,thamnophis-sirtalis
9310ca3b13.jpg,rhinocheilus-lecontei
990d9f9cc7.jpg,crotalus-atrox
b883a88123.jpg,storeria-dekayi
659e1304ed.jpg,pantherophis-obsoletus
632568f983.jpg,thamnophis-sirtalis
82b4daee47.jpg,lampropeltis-triangulum
9e08e2e7c0.jpg,pantherophis-obsoletus
995da4bdfe.jpg,crotalus-atrox
9ba5f59e0d.jpg,pituophis-catenifer
ecc2bff41e.jpg,pituophis-catenifer
48807c6a7f.jpg,storeria-dekayi
f9bfc13a70.jpg,diadophis-punctatus
0bc8c8b3d9.jpg,thamnophis-sirtalis
9cd4b65c2c.jpg,lampropeltis-californiae
511dffe7d2.jpg,storeria-dekayi
0d885db042.jpg,storeria-dekayi
10ff7e57d3.jpg,pantherophis-obsoletus
b9551ebdb5.jpg,lampropeltis-californiae
bb4acca82d.jpg,diadophis-punctatus
6a5c796675.jpg,storeria-dekayi
3ccba0002a.jpg,crotalus-atrox
521a24cb0a.jpg,thamnophis-sirtalis
7db0e926a2.jpg,diadophis-punctatus
82335fe2c5.jpg,pantherophis-alleghaniensis
5f9a9502e6.jpg,storeria-dekayi
10cea40844.jpg,pantherophis-obsoletus
a370764eb5.jpg,thamnophis-sirtalis
f5f5fa2cb8.jpg,crotalus-atrox
662387370b.jpg,pituophis-catenifer
c68022554f.jpg,crotalus-scutulatus
c36db9f26d.jpg,diadophis-punctatus
cbfddc9c88.jpg,pantherophis-obsoletus
cc51485193.jpg,pantherophis-obsoletus
ca424e0558.jpg,opheodrys-aestivus
af114ec554.jpg,nerodia-sipedon
cbd8652fef.jpg,pantherophis-obsoletus
80da121cf4.jpg,rhinocheilus-lecontei
108da1072a.jpg,storeria-dekayi
66f17263f8.jpg,lampropeltis-triangulum
f5752a0f0a.jpg,thamnophis-sirtalis
e7e867160a.jpg,haldea-striatula
ca291a5737.jpg,storeria-dekayi
7f8c875465.jpg,lampropeltis-triangulum
195a2f4c3a.jpg,rhinocheilus-lecontei
2757eb8bbd.jpg,crotalus-atrox
53d596c447.jpg,storeria-dekayi
18a07e89ac.jpg,storeria-occipitomaculata
1c806c5b9b.jpg,nerodia-sipedon
a8fae46a5a.jpg,storeria-dekayi
eab9b89ad9.jpg,nerodia-rhombifer
3afe948592.jpg,crotalus-atrox
7230d4cc69.jpg,thamnophis-radix
35e116cab9.jpg,haldea-striatula
f7cf344e61.jpg,thamnophis-sirtalis
113f968224.jpg,rhinocheilus-lecontei
b1fb6982cd.jpg,agkistrodon-contortrix
d50bdf5b2d.jpg,crotalus-atrox
5c818f58a7.jpg,storeria-dekayi
533805ace7.jpg,pantherophis-obsoletus
783d628cbf.jpg,pantherophis-obsoletus
543bb54091.jpg,agkistrodon-contortrix
59411ea382.jpg,storeria-dekayi
7326d26554.jpg,storeria-dekayi
5b848633ea.jpg,crotalus-atrox
a1ba32ac3d.jpg,diadophis-punctatus
c368ede9c3.jpg,crotalus-horridus
f1bae12c32.jpg,storeria-dekayi
534d81b3e3.jpg,thamnophis-sirtalis
91a95ef9cb.jpg,thamnophis-sirtalis
78eac1ae97.jpg,pituophis-catenifer
f05faa4bb1.jpg,pituophis-catenifer
f748cf3f7e.jpg,pantherophis-obsoletus
142141ec62.jpg,thamnophis-sirtalis
c52ac38aa0.jpg,pituophis-catenifer
2c6828452e.jpg,thamnophis-radix
36cc932452.jpg,opheodrys-aestivus
459bff3c88.jpg,thamnophis-radix
c75bd067fd.jpg,nerodia-sipedon
379c96f9ac.jpg,nerodia-erythrogaster
65ba6853da.jpg,thamnophis-sirtalis
0db0392426.jpg,thamnophis-sirtalis
b095d3ea2d.jpg,nerodia-erythrogaster
3415603d3c.jpg,diadophis-punctatus
dafd6dd941.jpg,thamnophis-sirtalis
a7bce1f266.jpg,nerodia-sipedon
c6a741646d.jpg,crotalus-atrox
60dcbd5c62.jpg,thamnophis-sirtalis
f8f3d41360.jpg,crotalus-atrox
9b5e5fd103.jpg,pantherophis-obsoletus
08f107e1e0.jpg,thamnophis-radix
d96a2f8208.jpg,pantherophis-obsoletus
b03b72c2eb.jpg,crotalus-atrox
c4b9384f10.jpg,pituophis-catenifer
6f2637eba0.jpg,pantherophis-obsoletus
e7fbaf1783.jpg,diadophis-punctatus
2b07b7f1fc.jpg,pantherophis-obsoletus
22784e30bd.jpg,diadophis-punctatus
fc99bec64d.jpg,crotalus-atrox
e759f3eb2e.jpg,thamnophis-sirtalis
9b56093388.jpg,crotalus-atrox
985cdf296c.jpg,pituophis-catenifer
af183d1608.jpg,pituophis-catenifer
ebf7de46e9.jpg,crotalus-atrox
043d5f3770.jpg,storeria-dekayi
0b36bcded4.jpg,nerodia-sipedon
01ef98f8e1.jpg,crotalus-atrox
47efeda4fa.jpg,thamnophis-sirtalis
fa62eae8c5.jpg,crotalus-atrox
3da4f0bcba.jpg,thamnophis-sirtalis
817a7ca50c.jpg,crotalus-atrox
4bb367498c.jpg,pantherophis-obsoletus
aca563e081.jpg,thamnophis-sirtalis
c6db7228bb.jpg,pantherophis-obsoletus
8e4a48cec4.jpg,crotalus-atrox
a3da69708a.jpg,pituophis-catenifer
b142b8a891.jpg,crotalus-atrox
4142bb2db1.jpg,thamnophis-marcianus
db3125c33e.jpg,storeria-dekayi
5a2623981f.jpg,pituophis-catenifer
4b63db7a28.jpg,nerodia-erythrogaster
5a67e89081.jpg,diadophis-punctatus
b250c512df.jpg,nerodia-erythrogaster
d952649529.jpg,storeria-dekayi
3ac12b3402.jpg,thamnophis-sirtalis
6b15e3ec5f.jpg,haldea-striatula
e4fa7fdae2.jpg,lampropeltis-californiae
3c79a2b1b5.jpg,crotalus-horridus
63d96d44bd.jpg,pantherophis-obsoletus
dc0f71785b.jpg,lampropeltis-triangulum
3715978259.jpg,lampropeltis-triangulum
5c02da1538.jpg,thamnophis-sirtalis
a56a6fe0a7.jpg,pituophis-catenifer
1ca029bf84.jpg,pituophis-catenifer
053bbbfcb7.jpg,crotalus-atrox
3a231f98df.jpg,thamnophis-proximus
ef3c60bc6b.jpg,nerodia-sipedon
82c4e51f8a.jpg,nerodia-erythrogaster
2c9e196186.jpg,nerodia-erythrogaster
7c712866ff.jpg,pantherophis-obsoletus
fa72b3fe67.jpg,storeria-dekayi
2b8d448683.jpg,lampropeltis-triangulum
a75b4f3fb0.jpg,storeria-dekayi
7f2892af39.jpg,crotalus-horridus
9877d40edb.jpg,nerodia-sipedon
603192bd4c.jpg,thamnophis-proximus
44a1a3e35f.jpg,pantherophis-obsoletus
9b5096caa1.jpg,pituophis-catenifer
8dc1f0796e.jpg,thamnophis-sirtalis
53e70d9cee.jpg,crotalus-atrox
1b8242b960.jpg,opheodrys-aestivus
03158930ae.jpg,haldea-striatula
6039af7619.jpg,nerodia-rhombifer
190a575a41.jpg,diadophis-punctatus
2fc944bb61.jpg,thamnophis-sirtalis
d23b088919.jpg,heterodon-platirhinos
f17ff6178e.jpg,nerodia-erythrogaster
401f315389.jpg,heterodon-platirhinos
bd2046b98f.jpg,thamnophis-sirtalis
64808b2252.jpg,thamnophis-sirtalis
abc0495ee8.jpg,pantherophis-guttatus
cb9f92f658.jpg,pituophis-catenifer
7289b39618.jpg,nerodia-erythrogaster
d04605b05d.jpg,storeria-dekayi
5cc447b09a.jpg,storeria-dekayi
902ba5f792.jpg,rhinocheilus-lecontei
a0c3ea95cd.jpg,nerodia-erythrogaster
93238c9b55.jpg,storeria-dekayi
9510d33970.jpg,thamnophis-sirtalis
cc01857305.jpg,storeria-dekayi
c379d985be.jpg,pantherophis-alleghaniensis
30d87fe508.jpg,opheodrys-aestivus
d49df213b1.jpg,crotalus-horridus
9262535d19.jpg,diadophis-punctatus
954cf7d09a.jpg,crotalus-atrox
07adf1b336.jpg,pantherophis-alleghaniensis
25b2fbd6ca.jpg,thamnophis-sirtalis
d67ee11156.jpg,agkistrodon-contortrix
4bb9005883.jpg,nerodia-erythrogaster
d26718bf1b.jpg,opheodrys-aestivus
f553f2da1c.jpg,storeria-dekayi
4bef4cae1b.jpg,pantherophis-obsoletus
cc4949ffe3.jpg,pantherophis-alleghaniensis
8cffcf426d.jpg,masticophis-flagellum
17bff00b28.jpg,thamnophis-sirtalis
e7b04cfe8c.jpg,diadophis-punctatus
910ad43321.jpg,lampropeltis-californiae
14b9be3fc8.jpg,natrix-natrix
d210b0b664.jpg,crotalus-atrox
c20c4fedeb.jpg,storeria-dekayi
7aa2349bd4.jpg,pituophis-catenifer
22ee6908b7.jpg,thamnophis-sirtalis
99d080b04b.jpg,nerodia-erythrogaster
91111d3298.jpg,pituophis-catenifer
bcaa37e00c.jpg,crotalus-atrox
e8e4c7fbb1.jpg,thamnophis-sirtalis
ad27b3dc95.jpg,diadophis-punctatus
96c0e968cf.jpg,thamnophis-sirtalis
c935ce3db7.jpg,crotalus-scutulatus
b6f53fbd8e.jpg,crotalus-horridus
3f8b54c5b8.jpg,pantherophis-obsoletus
4c885eabe4.jpg,pituophis-catenifer
2786b3576c.jpg,lampropeltis-californiae
a466efd69d.jpg,storeria-dekayi
407c2c9dda.jpg,thamnophis-sirtalis
3565b03095.jpg,thamnophis-sirtalis
6e9284955c.jpg,pituophis-catenifer
8ed99e4c86.jpg,pituophis-catenifer
a5e69edc4b.jpg,pituophis-catenifer
4e6c995bef.jpg,thamnophis-sirtalis
5ae9d343e8.jpg,nerodia-erythrogaster
e25a32c987.jpg,rhinocheilus-lecontei
b30e722d22.jpg,diadophis-punctatus
5afeda65d0.jpg,thamnophis-sirtalis
18ad85f471.jpg,thamnophis-sirtalis
39927cfbaa.jpg,agkistrodon-contortrix
7b692d1127.jpg,pituophis-catenifer
84fcbb8e68.jpg,nerodia-sipedon
14ae30c15b.jpg,diadophis-punctatus
a603faa96e.jpg,heterodon-platirhinos
cd279c6a32.jpg,diadophis-punctatus
6aec488970.jpg,thamnophis-sirtalis
4702bb06b2.jpg,thamnophis-sirtalis
9f1f0c4d77.jpg,rhinocheilus-lecontei
37d255ba5a.jpg,nerodia-rhombifer
9270b2e18c.jpg,diadophis-punctatus
38d6a2113a.jpg,lampropeltis-californiae
c0f77950f7.jpg,crotalus-atrox
86a6eb367c.jpg,crotalus-scutulatus
3ad0cabc18.jpg,storeria-dekayi
59b1221597.jpg,lampropeltis-californiae
1012f2362a.jpg,lampropeltis-californiae
daac1e1960.jpg,thamnophis-sirtalis
b1cb0097f1.jpg,crotalus-atrox
073e9ff640.jpg,storeria-dekayi
3105af6b71.jpg,nerodia-sipedon
c2cbb5ab68.jpg,thamnophis-proximus
8bd5db2b2b.jpg,crotalus-horridus
6e0adfbf99.jpg,lampropeltis-triangulum
ebfb1532ab.jpg,storeria-dekayi
7120a62958.jpg,pituophis-catenifer
c15675b887.jpg,storeria-dekayi
9604596853.jpg,nerodia-erythrogaster
f2bc584e0b.jpg,diadophis-punctatus
5ab91cb2ee.jpg,crotalus-atrox
a1177f99c4.jpg,pituophis-catenifer
8c6e0cc938.jpg,nerodia-sipedon
ff85bf00f2.jpg,thamnophis-sirtalis
35dba4ac51.jpg,pantherophis-vulpinus
77cb900136.jpg,crotalus-horridus
f29d659e71.jpg,agkistrodon-contortrix
e9bb397147.jpg,crotalus-viridis
6f7f36069e.jpg,thamnophis-sirtalis
07989fe1c3.jpg,thamnophis-sirtalis
768a99b9e5.jpg,pantherophis-obsoletus
5512ed611d.jpg,storeria-dekayi
b598056f93.jpg,agkistrodon-contortrix
8456d0ce23.jpg,nerodia-sipedon
f75b87d80d.jpg,haldea-striatula
d69f21de4e.jpg,diadophis-punctatus
27163ec202.jpg,opheodrys-aestivus
414c6c1e8c.jpg,crotalus-atrox
d11bd5b048.jpg,pituophis-catenifer
99206af14b.jpg,diadophis-punctatus
d5cb6099b8.jpg,storeria-dekayi
9f06ab71ae.jpg,thamnophis-sirtalis
ec7281cd7c.jpg,crotalus-scutulatus
c2e01b4390.jpg,diadophis-punctatus
6a3c1344c4.jpg,pituophis-catenifer
8aba528ea0.jpg,nerodia-erythrogaster
0136882c08.jpg,nerodia-sipedon
83bf58f0b1.jpg,thamnophis-sirtalis
0557d01771.jpg,heterodon-platirhinos
97022292ea.jpg,nerodia-sipedon
f6cc3d20e0.jpg,crotalus-atrox
f45f8ee077.jpg,pantherophis-obsoletus
357c52b2f0.jpg,pantherophis-obsoletus
90c8498d65.jpg,thamnophis-sirtalis
aa3c457150.jpg,nerodia-sipedon
1ce0e88a44.jpg,thamnophis-sirtalis
e218ba88c9.jpg,thamnophis-sirtalis
57cec6689a.jpg,pantherophis-obsoletus
6a5112a54d.jpg,thamnophis-sirtalis
ac9117b886.jpg,storeria-dekayi
2540a21720.jpg,nerodia-sipedon
dd169804df.jpg,thamnophis-sirtalis
c237e67115.jpg,agkistrodon-contortrix
fe298a3058.jpg,storeria-dekayi
4cc3b7adf3.jpg,diadophis-punctatus
6b81c6a99c.jpg,nerodia-sipedon
e2009dad0c.jpg,pantherophis-vulpinus
08765181d5.jpg,crotalus-horridus
5e8c069be7.jpg,crotalus-atrox
9339f7c45b.jpg,thamnophis-sirtalis
ab978ec9f5.jpg,crotalus-atrox
0a308984b0.jpg,thamnophis-sirtalis
4b444a7450.jpg,thamnophis-sirtalis
e985579c1c.jpg,nerodia-sipedon
a67125bb01.jpg,pituophis-catenifer
2efa69a2f5.jpg,thamnophis-radix
b8cc1ff52b.jpg,pituophis-catenifer
5c2a00b326.jpg,diadophis-punctatus
88c9895e1d.jpg,thamnophis-sirtalis
85a138a2b1.jpg,opheodrys-aestivus
031021f64c.jpg,crotalus-atrox
afc6314ff1.jpg,crotalus-scutulatus
2e6564e977.jpg,storeria-dekayi
26492ca0f0.jpg,thamnophis-sirtalis
8830373ae9.jpg,thamnophis-sirtalis
c834e92d7b.jpg,pituophis-catenifer
1ae509bbff.jpg,nerodia-fasciata
1edb40263d.jpg,pituophis-catenifer
28ed4d6904.jpg,diadophis-punctatus
2597f7e76d.jpg,storeria-dekayi
3b7ab4e0d8.jpg,coluber-constrictor
82b1d44782.jpg,thamnophis-sirtalis
9000233532.jpg,thamnophis-marcianus
a0da4b8579.jpg,storeria-dekayi
7f8365af3d.jpg,diadophis-punctatus
f178404533.jpg,thamnophis-sirtalis
da99774679.jpg,thamnophis-sirtalis
635181b9d2.jpg,lampropeltis-triangulum
81176ee1c5.jpg,nerodia-sipedon
aae5d3dda7.jpg,thamnophis-sirtalis
7e52574588.jpg,opheodrys-aestivus
33b4f8c6ee.jpg,thamnophis-sirtalis
929d07dc6c.jpg,nerodia-sipedon
6d39dfc724.jpg,lampropeltis-californiae
2d6aff49e2.jpg,pantherophis-obsoletus
372bc68670.jpg,crotalus-atrox
ec60c2ed8a.jpg,thamnophis-sirtalis
62d1292fff.jpg,diadophis-punctatus
a020682646.jpg,thamnophis-sirtalis
2006370aad.jpg,haldea-striatula
ccf697d8ee.jpg,pituophis-catenifer
482495a29c.jpg,storeria-dekayi
ebee509f76.jpg,thamnophis-sirtalis
ec5bf8fc94.jpg,nerodia-erythrogaster
ff2bb74401.jpg,crotalus-horridus
9687257d87.jpg,nerodia-sipedon
1672540ff2.jpg,storeria-dekayi
40f8894ab0.jpg,diadophis-punctatus
eeeb364f80.jpg,nerodia-erythrogaster
17b6bccd26.jpg,nerodia-erythrogaster
6b5fdb070a.jpg,thamnophis-sirtalis
fb2fc7f287.jpg,nerodia-erythrogaster
bc238794f9.jpg,nerodia-erythrogaster
93447ffb77.jpg,pantherophis-obsoletus
c508eadaf2.jpg,thamnophis-sirtalis
cf457786fd.jpg,storeria-dekayi
4c47136817.jpg,thamnophis-sirtalis
f5215fb122.jpg,lampropeltis-triangulum
36f8a53278.jpg,nerodia-sipedon
da4b78e030.jpg,thamnophis-sirtalis
3857f94d7f.jpg,pantherophis-alleghaniensis
95aa99daf1.jpg,crotalus-atrox
2f71e4dbc5.jpg,coluber-constrictor
494fb17d3f.jpg,thamnophis-radix
2783f6e72e.jpg,thamnophis-sirtalis
0a1cb5c228.jpg,crotalus-horridus
ee9f2b0478.jpg,pantherophis-obsoletus
ea7589812a.jpg,pituophis-catenifer
0bec79eaff.jpg,crotalus-scutulatus
594372deba.jpg,storeria-dekayi
b48d02b277.jpg,thamnophis-sirtalis
6143211fb1.jpg,agkistrodon-contortrix
9ccf3dc324.jpg,coluber-constrictor
3ab63ae9ff.jpg,pantherophis-spiloides
155a2f53cf.jpg,crotalus-horridus
dfada263c6.jpg,pituophis-catenifer
4932b1089d.jpg,nerodia-fasciata
6d58bdcf39.jpg,pituophis-catenifer
734cb7f4b6.jpg,nerodia-erythrogaster
e1f9280372.jpg,lampropeltis-californiae
86f3c1735d.jpg,pantherophis-alleghaniensis
07c9d2aa3b.jpg,crotalus-horridus
7683989c81.jpg,opheodrys-aestivus
2890dcea84.jpg,pituophis-catenifer
ef9804663f.jpg,thamnophis-radix
6af9df245c.jpg,nerodia-sipedon
f1c06381a3.jpg,thamnophis-radix
2d28192243.jpg,lampropeltis-triangulum
9896a79a1d.jpg,pantherophis-obsoletus
9a9ae8f452.jpg,storeria-dekayi
de6161fc29.jpg,storeria-dekayi
2a74549a83.jpg,storeria-dekayi
5dfc97da50.jpg,thamnophis-proximus
b79cdcde09.jpg,pituophis-catenifer
412b9deed5.jpg,crotalus-atrox
827ade5a7b.jpg,crotalus-atrox
018a9dc8d3.jpg,nerodia-erythrogaster
98707250c7.jpg,pituophis-catenifer
7c81f46daf.jpg,diadophis-punctatus
ae0e1c4a78.jpg,crotalus-atrox
a2ff49924c.jpg,nerodia-sipedon
2c92388500.jpg,nerodia-sipedon
fb5ea6dd78.jpg,haldea-striatula
c795f9a09c.jpg,lampropeltis-triangulum
96964b08d8.jpg,thamnophis-sirtalis
82f95efa2b.jpg,pantherophis-spiloides
b3937b0554.jpg,pituophis-catenifer
1b6152c43b.jpg,heterodon-platirhinos
97a30ec6dd.jpg,storeria-dekayi
dece1935ee.jpg,pantherophis-guttatus
4653c6fd7c.jpg,pituophis-catenifer
eca3e3a92b.jpg,diadophis-punctatus
96e30cfac5.jpg,diadophis-punctatus
d1f106e978.jpg,diadophis-punctatus
657db6cb59.jpg,pituophis-catenifer
31038dddc5.jpg,pantherophis-obsoletus
4511368f4f.jpg,pituophis-catenifer
4fca272540.jpg,thamnophis-sirtalis
961f8aa971.jpg,pantherophis-vulpinus
41e50ec9ca.jpg,crotalus-horridus
ad2a1a1ce2.jpg,thamnophis-sirtalis
92b9fd66a7.jpg,pantherophis-obsoletus
b2cb283e6a.jpg,nerodia-erythrogaster
a128fcabc1.jpg,storeria-dekayi
01cdc5a346.jpg,crotalus-atrox
6f6c719cd8.jpg,storeria-dekayi
7b073b871d.jpg,pantherophis-alleghaniensis
fb161a2da0.jpg,pituophis-catenifer
8639fe5b0f.jpg,pantherophis-obsoletus
6c514aa440.jpg,crotalus-atrox
4e410fc7b2.jpg,crotalus-horridus
c447daa98a.jpg,pituophis-catenifer
33327a3289.jpg,pituophis-catenifer
0e00591aa0.jpg,pantherophis-guttatus
c639c6450f.jpg,diadophis-punctatus
fd7f5407f9.jpg,thamnophis-marcianus
30379927e5.jpg,storeria-dekayi
faee0c2011.jpg,pantherophis-alleghaniensis
8a40ad504a.jpg,nerodia-sipedon
8b88fdf313.jpg,nerodia-sipedon
5f46d656ec.jpg,thamnophis-sirtalis
316bdbcb02.jpg,pituophis-catenifer
e72a84360b.jpg,opheodrys-aestivus
b639c34385.jpg,pantherophis-obsoletus
37169c7bb0.jpg,storeria-dekayi
3addd707c9.jpg,diadophis-punctatus
8cfc6dd3fc.jpg,nerodia-erythrogaster
a2bfde867b.jpg,masticophis-flagellum
22bddb0584.jpg,pantherophis-spiloides
4190fde1f9.jpg,pituophis-catenifer
3d0d434f77.jpg,storeria-dekayi
f01f1bf65f.jpg,nerodia-erythrogaster
5ac87d5d17.jpg,heterodon-platirhinos
3e3c7d6a97.jpg,pantherophis-spiloides
40b6a032cf.jpg,crotalus-atrox
b68524273d.jpg,crotalus-horridus
ab9310747f.jpg,pituophis-catenifer
cf0eb86b3b.jpg,crotalus-atrox
e82ae7b777.jpg,thamnophis-sirtalis
0124071f58.jpg,thamnophis-sirtalis
37acecc0dd.jpg,diadophis-punctatus
23c8856939.jpg,pantherophis-obsoletus
40ae26e406.jpg,nerodia-sipedon
4af1ee7c2d.jpg,pantherophis-obsoletus
3fee6efbe8.jpg,thamnophis-sirtalis
2d29d24cdb.jpg,thamnophis-sirtalis
0d39054a9c.jpg,pantherophis-alleghaniensis
25f552c213.jpg,pituophis-catenifer
9a9ff1f37e.jpg,storeria-dekayi
9685d88cba.jpg,nerodia-sipedon
95f1a02753.jpg,pituophis-catenifer
c9cec706f3.jpg,thamnophis-sirtalis
d842503f72.jpg,crotalus-atrox
3ae45feeeb.jpg,storeria-dekayi
5179b57412.jpg,thamnophis-proximus
ff0d5db8c9.jpg,diadophis-punctatus
c47ad4521c.jpg,nerodia-sipedon
4086ec30bf.jpg,nerodia-erythrogaster
fb500e597c.jpg,nerodia-erythrogaster
0fdca857ba.jpg,crotalus-atrox
16e3dff323.jpg,crotalus-horridus
70463ea3f3.jpg,storeria-dekayi
9de805091c.jpg,thamnophis-sirtalis
3e2ba8887b.jpg,diadophis-punctatus
0a238c03e4.jpg,lampropeltis-triangulum
8c27c26f9f.jpg,lampropeltis-californiae
447e96a831.jpg,diadophis-punctatus
4c173568d9.jpg,diadophis-punctatus
5948054f6e.jpg,thamnophis-sirtalis
cfb9943f32.jpg,crotalus-atrox
0989b197e5.jpg,nerodia-sipedon
93d698c9bb.jpg,diadophis-punctatus
40ff71dcbb.jpg,pituophis-catenifer
ddb3ee4efc.jpg,nerodia-sipedon
94b92dedec.jpg,pituophis-catenifer
14da1fc791.jpg,diadophis-punctatus
e97587c12c.jpg,thamnophis-sirtalis
50e33fc24f.jpg,crotalus-atrox
2d146d1f12.jpg,storeria-dekayi
2e359108b2.jpg,crotalus-atrox
55a884982c.jpg,pantherophis-obsoletus
cc40d66bfb.jpg,nerodia-sipedon
a8f470944a.jpg,pantherophis-spiloides
b83f491562.jpg,crotalus-atrox
45cdae2a4e.jpg,nerodia-fasciata
2c92500ad7.jpg,storeria-dekayi
380f7deecf.jpg,diadophis-punctatus
9059623576.jpg,pantherophis-alleghaniensis
276c2680f9.jpg,thamnophis-radix
2fa9ef0310.jpg,storeria-dekayi
d0c7913d75.jpg,nerodia-sipedon
9ce405566f.jpg,nerodia-sipedon
c98b81ad8a.jpg,pantherophis-obsoletus
e3aa373714.jpg,pantherophis-obsoletus
1e4f536605.jpg,nerodia-sipedon
ec209ef519.jpg,pantherophis-obsoletus
582700d0c7.jpg,thamnophis-sirtalis
7727cb44a1.jpg,thamnophis-sirtalis
bc92129dc2.jpg,nerodia-rhombifer
d92656ecc3.jpg,thamnophis-sirtalis
d76ff1ac44.jpg,nerodia-sipedon
3034db32e1.jpg,nerodia-sipedon
35b6982636.jpg,lampropeltis-californiae
1ac3b66cc3.jpg,storeria-dekayi
36534fcac5.jpg,crotalus-horridus
10b1acb0b6.jpg,thamnophis-sirtalis
54dcbb96e0.jpg,pituophis-catenifer
731da2fb12.jpg,crotalus-atrox
dce52386f5.jpg,storeria-dekayi
18b89918ca.jpg,nerodia-sipedon
839899700a.jpg,nerodia-sipedon
84614e40b8.jpg,pituophis-catenifer
a7723f7ef4.jpg,opheodrys-aestivus
1d8ea15457.jpg,thamnophis-sirtalis
a487c28099.jpg,pituophis-catenifer
7240b699f4.jpg,storeria-dekayi
8a759fc288.jpg,pantherophis-obsoletus
13b138dcc4.jpg,thamnophis-sirtalis
f7be9664a7.jpg,thamnophis-sirtalis
641a4f65bc.jpg,pantherophis-alleghaniensis
bd4f7d349e.jpg,diadophis-punctatus
000e2d0a91.jpg,nerodia-sipedon
ce502ba8a0.jpg,storeria-dekayi
97d93358ab.jpg,diadophis-punctatus
46f9560c99.jpg,haldea-striatula
5888a3e522.jpg,nerodia-rhombifer
84d4a08b93.jpg,storeria-occipitomaculata
8293286f7c.jpg,nerodia-sipedon
4c01b5b8ba.jpg,pantherophis-guttatus
13854590ea.jpg,lampropeltis-californiae
1a019b53b3.jpg,thamnophis-sirtalis
7f2637a665.jpg,lampropeltis-triangulum
46d28d1bf2.jpg,thamnophis-marcianus
ba4c35ebf2.jpg,nerodia-sipedon
c4476648be.jpg,crotalus-atrox
0e8f2965b4.jpg,crotalus-horridus
e4bcba036b.jpg,nerodia-erythrogaster
dc6f3721ba.jpg,rhinocheilus-lecontei
e9b8444822.jpg,pituophis-catenifer
02eda2c865.jpg,pituophis-catenifer
32edd9e217.jpg,thamnophis-sirtalis
0a23c6dbed.jpg,thamnophis-elegans
0138d2cb1a.jpg,thamnophis-sirtalis
a265b17556.jpg,crotalus-horridus
5360e19610.jpg,thamnophis-sirtalis
6929c425fd.jpg,diadophis-punctatus
d1006244a6.jpg,diadophis-punctatus
561e39734f.jpg,pantherophis-alleghaniensis
8f31a0a689.jpg,thamnophis-sirtalis
7012d40d2f.jpg,nerodia-sipedon
7a35c857bc.jpg,crotalus-atrox
f77e1aa99f.jpg,nerodia-sipedon
75252599b9.jpg,heterodon-platirhinos
4af6d73d49.jpg,heterodon-platirhinos
cd7d579dab.jpg,diadophis-punctatus
7b0ad73599.jpg,heterodon-platirhinos
34b33a11fa.jpg,heterodon-platirhinos
3170f538d1.jpg,nerodia-sipedon
8586ab31a9.jpg,pantherophis-spiloides
08acf2e47d.jpg,crotalus-atrox
b1286d3868.jpg,crotalus-atrox
2d0f08fa36.jpg,nerodia-sipedon
a0b9ba917f.jpg,thamnophis-radix
f40abd0edf.jpg,nerodia-sipedon
3bd72284b8.jpg,pantherophis-obsoletus
8b5cd0f884.jpg,thamnophis-sirtalis
f8e59232c8.jpg,diadophis-punctatus
572c5c3520.jpg,crotalus-atrox
957c00b573.jpg,pantherophis-obsoletus
93e591cb23.jpg,thamnophis-sirtalis
68a603b39d.jpg,crotalus-viridis
4f472510f3.jpg,pantherophis-obsoletus
d6884444ae.jpg,diadophis-punctatus
c0fa7df5de.jpg,nerodia-sipedon
